,id,country_name,country_id,SHAPE_Area,SHAPE_leng,Mainland,GEOMETRY,featurecla,scalerank,labelrank,sovereignt,sov_a3,adm0_dif,level,type,tlc,admin,adm0_a3,geou_dif,geounit,gu_a3,su_dif,subunit,su_a3,brk_diff,name,name_long,brk_a3,brk_name,pop_est,pop_rank,pop_year,gdp_md,gdp_year,economy,income_grp,fips_10,continent,region_un,subregion,region_wb
0,0,Afghanistan,af,62.5667138767718,50.803209721660615,,,Admin-0 country,0.0,3,Afghanistan,AFG,0.0,2,Sovereign country,1,Afghanistan,AFG,0,Afghanistan,AFG,0,Afghanistan,AFG,0,Afghanistan,Afghanistan,AFG,Afghanistan,38041754.0,15.0,2019.0,19291.0,2019,7. Least developed region,5. Low income,AF,Asia,Asia,Southern Asia,South Asia
1,1,Albania,al,3.073539975812516,9.625037968399916,,,Admin-0 country,0.0,6,Albania,ALB,0.0,2,Sovereign country,1,Albania,ALB,0,Albania,ALB,0,Albania,ALB,0,Albania,Albania,ALB,Albania,2854191.0,12.0,2019.0,15279.0,2019,6. Developing region,4. Lower middle income,AL,Europe,Europe,Southern Europe,Europe & Central Asia
2,2,Algeria,dz,213.51346147509466,70.5400821564478,,,Admin-0 country,0.0,3,Algeria,DZA,0.0,2,Sovereign country,1,Algeria,DZA,0,Algeria,DZA,0,Algeria,DZA,0,Algeria,Algeria,DZA,Algeria,43053054.0,15.0,2019.0,171091.0,2019,6. Developing region,3. Upper middle income,AG,Africa,Africa,Northern Africa,Middle East & North Africa
3,3,American Samoa,as,0.013719718651009,0.600124358526115,,,Admin-0 country,5.0,4,United States of America,US1,1.0,2,Dependency,1,American Samoa,ASM,0,American Samoa,ASM,0,American Samoa,ASM,0,American Samoa,American Samoa,ASM,American Samoa,55312.0,8.0,2019.0,636.0,2018,6. Developing region,3. Upper middle income,AQ,Oceania,Oceania,Polynesia,East Asia & Pacific
4,4,Andorra,ad,0.055585165015381,0.937351764486399,,,Admin-0 country,0.0,6,Andorra,AND,0.0,2,Sovereign country,1,Andorra,AND,0,Andorra,AND,0,Andorra,AND,0,Andorra,Andorra,AND,Andorra,77142.0,8.0,2019.0,3154.0,2019,2. Developed region: nonG7,2. High income: nonOECD,AN,Europe,Europe,Southern Europe,Europe & Central Asia
5,5,Angola,ao,103.8130590743424,58.8734697951819,,,Admin-0 country,0.0,3,Angola,AGO,0.0,2,Sovereign country,1,Angola,AGO,0,Angola,AGO,0,Angola,AGO,0,Angola,Angola,AGO,Angola,31825295.0,15.0,2019.0,88815.0,2019,7. Least developed region,3. Upper middle income,AO,Africa,Africa,Middle Africa,Sub-Saharan Africa
6,6,Anguilla,ai,0.007797911345447,0.468388676111837,,,Admin-0 country,3.0,6,United Kingdom,GB1,1.0,2,Dependency,1,Anguilla,AIA,0,Anguilla,AIA,0,Anguilla,AIA,0,Anguilla,Anguilla,AIA,Anguilla,14731.0,6.0,2018.0,175.0,2009,6. Developing region,3. Upper middle income,AV,North America,Americas,Caribbean,Latin America & Caribbean
7,7,Antarctica,aq,5672.928286290314,1564.1441425802343,,,Admin-0 country,0.0,4,Antarctica,ATA,0.0,2,Indeterminate,1,Antarctica,ATA,0,Antarctica,ATA,0,Antarctica,ATA,0,Antarctica,Antarctica,ATA,Antarctica,4490.0,4.0,2019.0,898.0,2013,6. Developing region,2. High income: nonOECD,AY,Antarctica,Antarctica,Antarctica,Antarctica
8,8,Antigua and Barbuda,ag,0.045625950546069,1.16290139039629,,,Admin-0 country,3.0,6,Antigua and Barbuda,ATG,0.0,2,Sovereign country,1,Antigua and Barbuda,ATG,0,Antigua and Barbuda,ATG,0,Antigua and Barbuda,ATG,0,Antigua and Barb.,Antigua and Barbuda,ATG,Antigua and Barb.,97118.0,8.0,2019.0,1661.0,2019,6. Developing region,3. Upper middle income,AC,North America,Americas,Caribbean,Latin America & Caribbean
9,9,Argentina,ar,278.30896466063774,138.75134834861066,,,Admin-0 country,0.0,2,Argentina,ARG,0.0,2,Sovereign country,1,Argentina,ARG,0,Argentina,ARG,0,Argentina,ARG,0,Argentina,Argentina,ARG,Argentina,44938712.0,15.0,2019.0,445445.0,2019,5. Emerging region: G20,3. Upper middle income,AR,South America,Americas,South America,Latin America & Caribbean
10,10,Armenia,am,3.142290525995481,12.161116881285686,,,Admin-0 country,0.0,6,Armenia,ARM,0.0,2,Sovereign country,1,Armenia,ARM,0,Armenia,ARM,0,Armenia,ARM,0,Armenia,Armenia,ARM,Armenia,2957731.0,12.0,2019.0,13672.0,2019,6. Developing region,4. Lower middle income,AM,Asia,Asia,Western Asia,Europe & Central Asia
11,11,Aruba,aw,0.016597619369282,0.610340431042455,,,Admin-0 country,3.0,5,Netherlands,NL1,1.0,2,Country,1,Aruba,ABW,0,Aruba,ABW,0,Aruba,ABW,0,Aruba,Aruba,ABW,Aruba,106314.0,9.0,2019.0,3056.0,2017,6. Developing region,2. High income: nonOECD,AA,North America,Americas,Caribbean,Latin America & Caribbean
12,12,Australia,au,695.5399244416323,252.16523769541772,,,Admin-0 country,0.0,2,Australia,AU1,1.0,2,Country,1,Australia,AUS,0,Australia,AUS,0,Australia,AUS,0,Australia,Australia,AUS,Australia,25364307.0,15.0,2019.0,1396567.0,2019,2. Developed region: nonG7,1. High income: OECD,AS,Oceania,Oceania,Australia and New Zealand,East Asia & Pacific
13,13,Austria,at,10.039440689619145,22.067937102913696,,,Admin-0 country,0.0,4,Austria,AUT,0.0,2,Sovereign country,1,Austria,AUT,0,Austria,AUT,0,Austria,AUT,0,Austria,Austria,AUT,Austria,8877067.0,13.0,2019.0,445075.0,2019,2. Developed region: nonG7,1. High income: OECD,AU,Europe,Europe,Western Europe,Europe & Central Asia
14,14,Azerbaijan,az,17.40714244993344,28.57513485816526,,,Admin-0 country,0.0,5,Azerbaijan,AZE,0.0,2,Sovereign country,1,Azerbaijan,AZE,0,Azerbaijan,AZE,0,Azerbaijan,AZE,0,Azerbaijan,Azerbaijan,AZE,Azerbaijan,10023318.0,14.0,2019.0,48047.0,2019,6. Developing region,3. Upper middle income,AJ,Asia,Asia,Western Asia,Europe & Central Asia
15,15,Azores,pt,0.264656083766962,6.522578551048444,,,,,,,,,,,,,,,,,,,,,,,,,,,,,,,,,,,,
16,16,Bahamas,bs,1.079049987728183,25.487758726173265,,,,,,,,,,,,,,,,,,,,,,,,,,,,,,,,,,,,
17,17,Bahrain,bh,0.057734715229046,1.653725952756558,,,Admin-0 country,5.0,4,Bahrain,BHR,0.0,2,Sovereign country,1,Bahrain,BHR,0,Bahrain,BHR,0,Bahrain,BHR,0,Bahrain,Bahrain,BHR,Bahrain,1641172.0,12.0,2019.0,38574.0,2019,6. Developing region,2. High income: nonOECD,BA,Asia,Asia,Western Asia,Middle East & North Africa
18,18,Bangladesh,bd,12.222453625075069,42.01193839211598,,,Admin-0 country,0.0,3,Bangladesh,BGD,0.0,2,Sovereign country,1,Bangladesh,BGD,0,Bangladesh,BGD,0,Bangladesh,BGD,0,Bangladesh,Bangladesh,BGD,Bangladesh,163046161.0,17.0,2019.0,302571.0,2019,7. Least developed region,5. Low income,BG,Asia,Asia,Southern Asia,South Asia
19,19,Barbados,bb,0.037212108475711,0.813985327257854,,,Admin-0 country,3.0,5,Barbados,BRB,0.0,2,Sovereign country,1,Barbados,BRB,0,Barbados,BRB,0,Barbados,BRB,0,Barbados,Barbados,BRB,Barbados,287025.0,10.0,2019.0,5209.0,2019,6. Developing region,2. High income: nonOECD,BB,North America,Americas,Caribbean,Latin America & Caribbean
20,20,Belarus,by,28.157809438344092,31.668547910578543,,,Admin-0 country,0.0,4,Belarus,BLR,0.0,2,Sovereign country,1,Belarus,BLR,0,Belarus,BLR,0,Belarus,BLR,0,Belarus,Belarus,BLR,Belarus,9466856.0,13.0,2019.0,63080.0,2019,6. Developing region,3. Upper middle income,BO,Europe,Europe,Eastern Europe,Europe & Central Asia
21,21,Belgium,be,3.89551852697937,11.999002719042611,,,Admin-0 country,0.0,2,Belgium,BEL,0.0,2,Sovereign country,1,Belgium,BEL,0,Belgium,BEL,0,Belgium,BEL,0,Belgium,Belgium,BEL,Belgium,11484055.0,14.0,2019.0,533097.0,2019,2. Developed region: nonG7,1. High income: OECD,BE,Europe,Europe,Western Europe,Europe & Central Asia
22,22,Belize,bz,1.876982440706268,8.551634367043183,,,Admin-0 country,0.0,6,Belize,BLZ,0.0,2,Sovereign country,1,Belize,BLZ,0,Belize,BLZ,0,Belize,BLZ,0,Belize,Belize,BLZ,Belize,390353.0,10.0,2019.0,1879.0,2019,6. Developing region,4. Lower middle income,BH,North America,Americas,Central America,Latin America & Caribbean
23,23,Benin,bj,9.574104435693025,17.06361733309299,,,Admin-0 country,0.0,5,Benin,BEN,0.0,2,Sovereign country,1,Benin,BEN,0,Benin,BEN,0,Benin,BEN,0,Benin,Benin,BEN,Benin,11801151.0,14.0,2019.0,14390.0,2019,7. Least developed region,5. Low income,BN,Africa,Africa,Western Africa,Sub-Saharan Africa
24,24,Bermuda,bm,0.002055225845854,0.391094785607947,,,Admin-0 country,5.0,6,United Kingdom,GB1,1.0,2,Dependency,1,Bermuda,BMU,0,Bermuda,BMU,0,Bermuda,BMU,0,Bermuda,Bermuda,BMU,Bermuda,63918.0,8.0,2019.0,7484.0,2019,2. Developed region: nonG7,2. High income: nonOECD,BD,North America,Americas,Northern America,North America
25,25,Bhutan,bt,3.635558710782809,9.20549298923639,,,Admin-0 country,0.0,5,Bhutan,BTN,0.0,2,Sovereign country,1,Bhutan,BTN,0,Bhutan,BTN,0,Bhutan,BTN,0,Bhutan,Bhutan,BTN,Bhutan,763092.0,11.0,2019.0,2530.0,2019,7. Least developed region,4. Lower middle income,BT,Asia,Asia,Southern Asia,South Asia
26,26,Bolivia,bo,92.19010459439659,52.48368723936023,,,Admin-0 country,0.0,3,Bolivia,BOL,0.0,2,Sovereign country,1,Bolivia,BOL,0,Bolivia,BOL,0,Bolivia,BOL,0,Bolivia,Bolivia,BOL,Bolivia,11513100.0,14.0,2019.0,40895.0,2019,5. Emerging region: G20,4. Lower middle income,BL,South America,Americas,South America,Latin America & Caribbean
27,27,Bonaire,bq,0.026260327987433,0.828287379320699,,,,,,,,,,,,,,,,,,,,,,,,,,,,,,,,,,,,
28,28,Bosnia and Herzegovina,ba,5.798432848977463,13.090584199435744,,,Admin-0 country,0.0,5,Bosnia and Herzegovina,BIH,0.0,2,Sovereign country,1,Bosnia and Herzegovina,BIH,0,Bosnia and Herzegovina,BIH,0,Bosnia and Herzegovina,BIH,0,Bosnia and Herz.,Bosnia and Herzegovina,BIH,Bosnia and Herz.,3301000.0,12.0,2019.0,20164.0,2019,6. Developing region,3. Upper middle income,BK,Europe,Europe,Southern Europe,Europe & Central Asia
29,29,Botswana,bw,50.677520686807,33.929944069070146,,,Admin-0 country,0.0,4,Botswana,BWA,0.0,2,Sovereign country,1,Botswana,BWA,0,Botswana,BWA,0,Botswana,BWA,0,Botswana,Botswana,BWA,Botswana,2303697.0,12.0,2019.0,18340.0,2019,6. Developing region,3. Upper middle income,BC,Africa,Africa,Southern Africa,Sub-Saharan Africa
30,30,Bouvet Island,bv,0.007953880562495,0.358486719588918,,,,,,,,,,,,,,,,,,,,,,,,,,,,,,,,,,,,
31,31,Brazil,br,707.0506761266017,248.75671493085503,,,Admin-0 country,0.0,2,Brazil,BRA,0.0,2,Sovereign country,1,Brazil,BRA,0,Brazil,BRA,0,Brazil,BRA,0,Brazil,Brazil,BRA,Brazil,211049527.0,17.0,2019.0,1839758.0,2019,3. Emerging region: BRIC,3. Upper middle income,BR,South America,Americas,South America,Latin America & Caribbean
32,32,British Indian Ocean Territory,io,0.007405306469289,0.849597175115602,,,Admin-0 country,5.0,5,United Kingdom,GB1,1.0,2,Disputed,1,British Indian Ocean Territory,IOT,0,British Indian Ocean Territory,IOT,0,British Indian Ocean Territory,IOT,1,Br. Indian Ocean Ter.,British Indian Ocean Territory,B69,Br. Indian Ocean Ter.,3000.0,4.0,2018.0,120.0,2013,2. Developed region: nonG7,2. High income: nonOECD,IO,Seven seas (open ocean),Africa,Seven seas (open ocean),Sub-Saharan Africa
33,33,British Virgin Islands,vg,0.009867141224508,0.63936764687541,,,Admin-0 country,3.0,6,United Kingdom,GB1,1.0,2,Dependency,1,British Virgin Islands,VGB,0,British Virgin Islands,VGB,0,British Virgin Islands,VGB,0,British Virgin Is.,British Virgin Islands,VGB,British Virgin Is.,30030.0,7.0,2019.0,500.0,2017,2. Developed region: nonG7,1. High income: OECD,VI,North America,Americas,Caribbean,Latin America & Caribbean
34,34,Brunei Darussalam,bn,0.468299142396155,4.918827699017101,,,,,,,,,,,,,,,,,,,,,,,,,,,,,,,,,,,,
35,35,Bulgaria,bg,12.210431292027248,20.315189370795917,,,Admin-0 country,0.0,4,Bulgaria,BGR,0.0,2,Sovereign country,1,Bulgaria,BGR,0,Bulgaria,BGR,0,Bulgaria,BGR,0,Bulgaria,Bulgaria,BGR,Bulgaria,6975761.0,13.0,2019.0,68558.0,2019,2. Developed region: nonG7,3. Upper middle income,BU,Europe,Europe,Eastern Europe,Europe & Central Asia
36,36,Burkina Faso,bf,22.634154203902398,27.00742272785342,,,Admin-0 country,0.0,3,Burkina Faso,BFA,0.0,2,Sovereign country,1,Burkina Faso,BFA,0,Burkina Faso,BFA,0,Burkina Faso,BFA,0,Burkina Faso,Burkina Faso,BFA,Burkina Faso,20321378.0,15.0,2019.0,15990.0,2019,7. Least developed region,5. Low income,UV,Africa,Africa,Western Africa,Sub-Saharan Africa
37,37,Burundi,bi,2.21238705008329,7.71475020148953,,,Admin-0 country,0.0,6,Burundi,BDI,0.0,2,Sovereign country,1,Burundi,BDI,0,Burundi,BDI,0,Burundi,BDI,0,Burundi,Burundi,BDI,Burundi,11530580.0,14.0,2019.0,3012.0,2019,7. Least developed region,5. Low income,BY,Africa,Africa,Eastern Africa,Sub-Saharan Africa
38,38,Cabo Verde,cv,0.340358451744079,6.512619642084465,,,,,,,,,,,,,,,,,,,,,,,,,,,,,,,,,,,,
39,39,Cambodia,kh,15.128532415231975,21.993998442989238,,,Admin-0 country,0.0,3,Cambodia,KHM,0.0,2,Sovereign country,1,Cambodia,KHM,0,Cambodia,KHM,0,Cambodia,KHM,0,Cambodia,Cambodia,KHM,Cambodia,16486542.0,14.0,2019.0,27089.0,2019,7. Least developed region,5. Low income,CB,Asia,Asia,South-Eastern Asia,East Asia & Pacific
40,40,Cameroon,cm,37.972712714948436,41.96059556529919,,,Admin-0 country,0.0,3,Cameroon,CMR,0.0,2,Sovereign country,1,Cameroon,CMR,0,Cameroon,CMR,0,Cameroon,CMR,0,Cameroon,Cameroon,CMR,Cameroon,25876380.0,15.0,2019.0,39007.0,2019,6. Developing region,4. Lower middle income,CM,Africa,Africa,Middle Africa,Sub-Saharan Africa
41,41,Canada,ca,1694.0252397452803,2210.6848260138636,,,Admin-0 country,0.0,2,Canada,CAN,0.0,2,Sovereign country,1,Canada,CAN,0,Canada,CAN,0,Canada,CAN,0,Canada,Canada,CAN,Canada,37589262.0,15.0,2019.0,1736425.0,2019,1. Developed region: G7,1. High income: OECD,CA,North America,Americas,Northern America,North America
42,42,Canarias,es,0.695335657260461,9.491474171073312,,,,,,,,,,,,,,,,,,,,,,,,,,,,,,,,,,,,
43,43,Cayman Islands,ky,0.017931510000033,0.733613265174901,,,Admin-0 country,3.0,5,United Kingdom,GB1,1.0,2,Dependency,1,Cayman Islands,CYM,0,Cayman Islands,CYM,0,Cayman Islands,CYM,0,Cayman Is.,Cayman Islands,CYM,Cayman Is.,64948.0,8.0,2019.0,5517.0,2018,5. Emerging region: G20,2. High income: nonOECD,CJ,North America,Americas,Caribbean,Latin America & Caribbean
44,44,Central African Republic,cf,50.60214217914825,42.20808147757309,,,Admin-0 country,0.0,4,Central African Republic,CAF,0.0,2,Sovereign country,1,Central African Republic,CAF,0,Central African Republic,CAF,0,Central African Republic,CAF,0,Central African Rep.,Central African Republic,CAF,Central African Rep.,4745185.0,12.0,2019.0,2220.0,2019,7. Least developed region,5. Low income,CT,Africa,Africa,Middle Africa,Sub-Saharan Africa
45,45,Chad,td,107.29232525194666,51.67198997758735,,,Admin-0 country,0.0,3,Chad,TCD,0.0,2,Sovereign country,1,Chad,TCD,0,Chad,TCD,0,Chad,TCD,0,Chad,Chad,TCD,Chad,15946876.0,14.0,2019.0,11314.0,2019,7. Least developed region,5. Low income,CD,Africa,Africa,Middle Africa,Sub-Saharan Africa
46,46,Chile,cl,77.69299213824351,331.2498812017058,,,Admin-0 country,0.0,2,Chile,CHL,0.0,2,Sovereign country,1,Chile,CHL,0,Chile,CHL,0,Chile,CHL,0,Chile,Chile,CHL,Chile,18952038.0,14.0,2019.0,282318.0,2019,5. Emerging region: G20,3. Upper middle income,CI,South America,Americas,South America,Latin America & Caribbean
47,47,China,cn,953.8440476261343,312.49359384566833,,,,,,,,,,,,,,,,,,,,,,,,,,,,,,,,,,,,
48,48,Christmas Island,cx,0.010237485041054,0.405139058647021,,,,,,,,,,,,,,,,,,,,,,,,,,,,,,,,,,,,
49,49,Cocos Islands,cc,0.001490438305655,0.176670568093147,,,,,,,,,,,,,,,,,,,,,,,,,,,,,,,,,,,,
50,50,Colombia,co,92.58048961575415,70.687532245425,,,Admin-0 country,0.0,2,Colombia,COL,0.0,2,Sovereign country,1,Colombia,COL,0,Colombia,COL,0,Colombia,COL,0,Colombia,Colombia,COL,Colombia,50339443.0,16.0,2019.0,323615.0,2019,6. Developing region,3. Upper middle income,CO,South America,Americas,South America,Latin America & Caribbean
51,51,Comoros,km,0.142408871580779,3.060769894136956,,,Admin-0 country,3.0,6,Comoros,COM,0.0,2,Sovereign country,1,Comoros,COM,0,Comoros,COM,0,Comoros,COM,0,Comoros,Comoros,COM,Comoros,850886.0,11.0,2019.0,1165.0,2019,7. Least developed region,5. Low income,CN,Africa,Africa,Eastern Africa,Sub-Saharan Africa
52,52,Congo,cg,27.9742901116424,37.860482598504646,,,,,,,,,,,,,,,,,,,,,,,,,,,,,,,,,,,,
53,53,Congo DRC,cd,189.79090476576567,83.4316450942307,,,,,,,,,,,,,,,,,,,,,,,,,,,,,,,,,,,,
54,54,Cook Islands,ck,0.013073457998731,0.980664163809754,,,Admin-0 country,5.0,4,New Zealand,NZ1,1.0,2,Dependency,1,Cook Islands,COK,0,Cook Islands,COK,0,Cook Islands,COK,0,Cook Is.,Cook Islands,COK,Cook Is.,17459.0,6.0,2016.0,244.0,2010,6. Developing region,3. Upper middle income,CW,Oceania,Oceania,Polynesia,East Asia & Pacific
55,55,Costa Rica,cr,4.211862967058902,14.717325499514581,,,Admin-0 country,0.0,5,Costa Rica,CRI,0.0,2,Sovereign country,1,Costa Rica,CRI,0,Costa Rica,CRI,0,Costa Rica,CRI,0,Costa Rica,Costa Rica,CRI,Costa Rica,5047561.0,13.0,2019.0,61801.0,2019,5. Emerging region: G20,3. Upper middle income,CS,North America,Americas,Central America,Latin America & Caribbean
56,56,CÃ´te d'Ivoire,ci,26.34049667443191,31.576751561663016,,,,,,,,,,,,,,,,,,,,,,,,,,,,,,,,,,,,
57,57,Croatia,hr,6.384641823568353,37.58922916953761,,,Admin-0 country,0.0,6,Croatia,HRV,0.0,2,Sovereign country,1,Croatia,HRV,0,Croatia,HRV,0,Croatia,HRV,0,Croatia,Croatia,HRV,Croatia,4067500.0,12.0,2019.0,60752.0,2019,2. Developed region: nonG7,2. High income: nonOECD,HR,Europe,Europe,Southern Europe,Europe & Central Asia
58,58,Cuba,cu,9.527284672867085,38.15246667558401,,,Admin-0 country,0.0,3,Cuba,CU1,1.0,1,Sovereignty,1,Cuba,CUB,0,Cuba,CUB,0,Cuba,CUB,0,Cuba,Cuba,CUB,Cuba,11333483.0,14.0,2019.0,100023.0,2018,5. Emerging region: G20,3. Upper middle income,CU,North America,Americas,Caribbean,Latin America & Caribbean
59,59,Curacao,cw,0.03924872900537,1.160392567036708,,,,,,,,,,,,,,,,,,,,,,,,,,,,,,,,,,,,
60,60,Cyprus,cy,0.90266260021024,6.037301126417972,,,Admin-0 country,1.0,5,Cyprus,CYP,0.0,2,Sovereign country,1,Cyprus,CYP,0,Cyprus,CYP,0,Cyprus,CYP,0,Cyprus,Cyprus,CYP,Cyprus,1198575.0,12.0,2019.0,24948.0,2019,6. Developing region,2. High income: nonOECD,CY,Asia,Asia,Western Asia,Europe & Central Asia
61,61,Czech Republic,cz,9.824209515787862,18.44958435391905,,,Admin-0 country,0.0,5,Czechia,CZE,0.0,2,Sovereign country,1,Czechia,CZE,0,Czechia,CZE,0,Czechia,CZE,0,Czechia,Czech Republic,CZE,Czechia,10669709.0,14.0,2019.0,250680.0,2019,2. Developed region: nonG7,1. High income: OECD,EZ,Europe,Europe,Eastern Europe,Europe & Central Asia
62,62,Denmark,dk,6.142939118248709,45.381839341866446,,,Admin-0 country,0.0,4,Denmark,DN1,1.0,2,Country,1,Denmark,DNK,0,Denmark,DNK,0,Denmark,DNK,0,Denmark,Denmark,DNK,Denmark,5818553.0,13.0,2019.0,350104.0,2019,2. Developed region: nonG7,1. High income: OECD,DA,Europe,Europe,Northern Europe,Europe & Central Asia
63,63,Djibouti,dj,1.777762777014551,7.277602889103078,,,Admin-0 country,0.0,5,Djibouti,DJI,0.0,2,Sovereign country,1,Djibouti,DJI,0,Djibouti,DJI,0,Djibouti,DJI,0,Djibouti,Djibouti,DJI,Djibouti,973560.0,11.0,2019.0,3324.0,2019,7. Least developed region,4. Lower middle income,DJ,Africa,Africa,Eastern Africa,Middle East & North Africa
64,64,Dominica,dm,0.064835109820552,1.097117642623347,,,Admin-0 country,3.0,6,Dominica,DMA,0.0,2,Sovereign country,1,Dominica,DMA,0,Dominica,DMA,0,Dominica,DMA,0,Dominica,Dominica,DMA,Dominica,71808.0,8.0,2019.0,582.0,2019,6. Developing region,3. Upper middle income,DO,North America,Americas,Caribbean,Latin America & Caribbean
65,65,Dominican Republic,do,4.147569469351207,13.253816255630623,,,Admin-0 country,0.0,5,Dominican Republic,DOM,0.0,2,Sovereign country,1,Dominican Republic,DOM,0,Dominican Republic,DOM,0,Dominican Republic,DOM,0,Dominican Rep.,Dominican Republic,DOM,Dominican Rep.,10738958.0,14.0,2019.0,88941.0,2019,6. Developing region,3. Upper middle income,DR,North America,Americas,Caribbean,Latin America & Caribbean
66,66,Ecuador,ec,20.75361507184431,35.22053672812076,,,Admin-0 country,0.0,3,Ecuador,ECU,0.0,2,Sovereign country,1,Ecuador,ECU,0,Ecuador,ECU,0,Ecuador,ECU,0,Ecuador,Ecuador,ECU,Ecuador,17373662.0,14.0,2019.0,107435.0,2019,6. Developing region,3. Upper middle income,EC,South America,Americas,South America,Latin America & Caribbean
67,67,Egypt,eg,90.49112755176021,53.23047693110977,,,Admin-0 country,0.0,2,Egypt,EGY,0.0,2,Sovereign country,1,Egypt,EGY,0,Egypt,EGY,0,Egypt,EGY,0,Egypt,Egypt,EGY,Egypt,100388073.0,17.0,2019.0,303092.0,2019,5. Emerging region: G20,4. Lower middle income,EG,Africa,Africa,Northern Africa,Middle East & North Africa
68,68,El Salvador,sv,1.719035030190849,7.253571591104706,,,Admin-0 country,0.0,6,El Salvador,SLV,0.0,2,Sovereign country,1,El Salvador,SLV,0,El Salvador,SLV,0,El Salvador,SLV,0,El Salvador,El Salvador,SLV,El Salvador,6453553.0,13.0,2019.0,27022.0,2019,6. Developing region,4. Lower middle income,ES,North America,Americas,Central America,Latin America & Caribbean
69,69,Equatorial Guinea,gq,2.188206945713851,8.191006998117931,,,Admin-0 country,0.0,4,Equatorial Guinea,GNQ,0.0,2,Sovereign country,1,Equatorial Guinea,GNQ,0,Equatorial Guinea,GNQ,0,Equatorial Guinea,GNQ,0,Eq. Guinea,Equatorial Guinea,GNQ,Eq. Guinea,1355986.0,12.0,2019.0,11026.0,2019,7. Least developed region,2. High income: nonOECD,EK,Africa,Africa,Middle Africa,Sub-Saharan Africa
70,70,Eritrea,er,10.178633127639223,25.165078732384828,,,Admin-0 country,0.0,4,Eritrea,ERI,0.0,2,Sovereign country,1,Eritrea,ERI,0,Eritrea,ERI,0,Eritrea,ERI,0,Eritrea,Eritrea,ERI,Eritrea,6081196.0,13.0,2020.0,2065.0,2011,7. Least developed region,5. Low income,ER,Africa,Africa,Eastern Africa,Sub-Saharan Africa
71,71,Estonia,ee,7.107813366252959,23.652049218294255,,,Admin-0 country,0.0,6,Estonia,EST,0.0,2,Sovereign country,1,Estonia,EST,0,Estonia,EST,0,Estonia,EST,0,Estonia,Estonia,EST,Estonia,1326590.0,12.0,2019.0,31471.0,2019,2. Developed region: nonG7,1. High income: OECD,EN,Europe,Europe,Northern Europe,Europe & Central Asia
72,72,Eswatini,sz,1.549987638001453,5.024903087432429,,,Admin-0 country,0.0,4,eSwatini,SWZ,0.0,2,Sovereign country,1,eSwatini,SWZ,0,eSwatini,SWZ,0,eSwatini,SWZ,0,eSwatini,Kingdom of eSwatini,SWZ,eSwatini,1148130.0,12.0,2019.0,4471.0,2019,6. Developing region,4. Lower middle income,WZ,Africa,Africa,Southern Africa,Sub-Saharan Africa
73,73,Ethiopia,et,92.72276067337496,46.81031538635138,,,Admin-0 country,0.0,2,Ethiopia,ETH,0.0,2,Sovereign country,1,Ethiopia,ETH,0,Ethiopia,ETH,0,Ethiopia,ETH,0,Ethiopia,Ethiopia,ETH,Ethiopia,112078730.0,17.0,2019.0,95912.0,2019,7. Least developed region,5. Low income,ET,Africa,Africa,Eastern Africa,Sub-Saharan Africa
74,74,Falkland Islands,fk,1.495383317335109,19.08256365677707,,,Admin-0 country,1.0,5,United Kingdom,GB1,1.0,2,Disputed,1,Falkland Islands,FLK,0,Falkland Islands,FLK,0,Falkland Islands,FLK,1,Falkland Is.,Falkland Islands / Malvinas,B12,Falkland Is.,3398.0,4.0,2016.0,282.0,2012,2. Developed region: nonG7,1. High income: OECD,FK,South America,Americas,South America,Latin America & Caribbean
75,75,Faroe Islands,fo,0.254309919253202,5.743744579144126,,,Admin-0 country,5.0,6,Denmark,DN1,1.0,2,Dependency,1,Faroe Islands,FRO,0,Faroe Islands,FRO,0,Faroe Islands,FRO,0,Faeroe Is.,Faeroe Islands,FRO,Faeroe Islands,48678.0,7.0,2019.0,3116.0,2018,2. Developed region: nonG7,2. High income: nonOECD,FO,Europe,Europe,Northern Europe,Europe & Central Asia
76,76,Fiji,fj,1.53744376519839,13.105270002018221,,,Admin-0 country,1.0,6,Fiji,FJI,0.0,2,Sovereign country,1,Fiji,FJI,0,Fiji,FJI,0,Fiji,FJI,0,Fiji,Fiji,FJI,Fiji,889953.0,11.0,2019.0,5496.0,2019,6. Developing region,4. Lower middle income,FJ,Oceania,Oceania,Melanesia,East Asia & Pacific
77,77,Finland,fi,62.65498465348901,69.12609419184676,,,Admin-0 country,0.0,3,Finland,FI1,1.0,2,Country,1,Finland,FIN,0,Finland,FIN,0,Finland,FIN,0,Finland,Finland,FIN,Finland,5520314.0,13.0,2019.0,269296.0,2019,2. Developed region: nonG7,1. High income: OECD,FI,Europe,Europe,Northern Europe,Europe & Central Asia
78,78,France,fr,64.34832450292733,65.8470426672871,,,Admin-0 country,0.0,2,France,FR1,1.0,2,Country,1,France,FRA,0,France,FRA,0,France,FRA,0,France,France,FRA,France,67059887.0,16.0,2019.0,2715518.0,2019,1. Developed region: G7,1. High income: OECD,FR,Europe,Europe,Western Europe,Europe & Central Asia
79,79,French Guiana,gf,6.807576960410494,12.253084971909615,,,,,,,,,,,,,,,,,,,,,,,,,,,,,,,,,,,,
80,80,French Polynesia,pf,0.175332140034676,3.930210621828431,,,Admin-0 country,3.0,4,France,FR1,1.0,2,Dependency,1,French Polynesia,PYF,0,French Polynesia,PYF,0,French Polynesia,PYF,0,Fr. Polynesia,French Polynesia,PYF,Fr. Polynesia,279287.0,10.0,2019.0,5490.0,2016,6. Developing region,2. High income: nonOECD,FP,Oceania,Oceania,Polynesia,East Asia & Pacific
81,81,French Southern Territories,tf,0.922681926915143,11.404235408627985,,,,,,,,,,,,,,,,,,,,,,,,,,,,,,,,,,,,
82,82,Gabon,ga,21.185802083892128,32.27056260890871,,,Admin-0 country,0.0,4,Gabon,GAB,0.0,2,Sovereign country,1,Gabon,GAB,0,Gabon,GAB,0,Gabon,GAB,0,Gabon,Gabon,GAB,Gabon,2172579.0,12.0,2019.0,16874.0,2019,6. Developing region,3. Upper middle income,GB,Africa,Africa,Middle Africa,Sub-Saharan Africa
83,83,Gambia,gm,0.895054173186356,10.776105749076166,,,,,,,,,,,,,,,,,,,,,,,,,,,,,,,,,,,,
84,84,Georgia,ge,7.623240710232813,17.85694546263096,,,Admin-0 country,0.0,5,Georgia,GEO,0.0,2,Sovereign country,1,Georgia,GEO,0,Georgia,GEO,0,Georgia,GEO,0,Georgia,Georgia,GEO,Georgia,3720382.0,12.0,2019.0,17477.0,2019,6. Developing region,4. Lower middle income,GG,Asia,Asia,Western Asia,Europe & Central Asia
85,85,Germany,de,45.87205396458168,56.11503765230791,,,Admin-0 country,0.0,2,Germany,DEU,0.0,2,Sovereign country,1,Germany,DEU,0,Germany,DEU,0,Germany,DEU,0,Germany,Germany,DEU,Germany,83132799.0,16.0,2019.0,3861123.0,2019,1. Developed region: G7,1. High income: OECD,GM,Europe,Europe,Western Europe,Europe & Central Asia
86,86,Ghana,gh,19.611815684055205,23.013663547855476,,,Admin-0 country,0.0,3,Ghana,GHA,0.0,2,Sovereign country,1,Ghana,GHA,0,Ghana,GHA,0,Ghana,GHA,0,Ghana,Ghana,GHA,Ghana,30417856.0,15.0,2019.0,66983.0,2019,6. Developing region,4. Lower middle income,GH,Africa,Africa,Western Africa,Sub-Saharan Africa
87,87,Gibraltar,gi,0.000785835004685,0.144832568609372,,,Admin-0 country,0.0,5,United Kingdom,GB1,1.0,2,Disputed,1,Gibraltar,GIB,0,Gibraltar,GIB,0,Gibraltar,GIB,1,Gibraltar,Gibraltar,B55,Gibraltar,33701.0,7.0,2019.0,2044.0,2014,2. Developed region: nonG7,1. High income: OECD,GI,Europe,Europe,Southern Europe,Europe & Central Asia
88,88,Glorioso Islands,tf,0.000407338812381,0.079230811226275,,,,,,,,,,,,,,,,,,,,,,,,,,,,,,,,,,,,
89,89,Greece,gr,13.5434265368375,80.39673688945621,,,Admin-0 country,0.0,3,Greece,GRC,0.0,2,Sovereign country,1,Greece,GRC,0,Greece,GRC,0,Greece,GRC,0,Greece,Greece,GRC,Greece,10716322.0,14.0,2019.0,209852.0,2019,2. Developed region: nonG7,1. High income: OECD,GR,Europe,Europe,Southern Europe,Europe & Central Asia
90,90,Greenland,gl,660.9271652358599,942.2213291055206,,,Admin-0 country,0.0,3,Denmark,DN1,1.0,2,Country,1,Greenland,GRL,0,Greenland,GRL,0,Greenland,GRL,0,Greenland,Greenland,GRL,Greenland,56225.0,8.0,2019.0,3051.0,2018,2. Developed region: nonG7,2. High income: nonOECD,GL,North America,Americas,Northern America,Europe & Central Asia
91,91,Grenada,gd,0.028753117618703,0.681409314668556,,,Admin-0 country,3.0,6,Grenada,GRD,0.0,2,Sovereign country,1,Grenada,GRD,0,Grenada,GRD,0,Grenada,GRD,0,Grenada,Grenada,GRD,Grenada,112003.0,9.0,2019.0,1210.0,2019,6. Developing region,3. Upper middle income,GJ,North America,Americas,Caribbean,Latin America & Caribbean
92,92,Guadeloupe,gp,0.139606337989792,2.534388487944681,,,,,,,,,,,,,,,,,,,,,,,,,,,,,,,,,,,,
93,93,Guam,gu,0.048057242326132,1.120016262881842,,,Admin-0 country,5.0,6,United States of America,US1,1.0,2,Dependency,1,Guam,GUM,0,Guam,GUM,0,Guam,GUM,0,Guam,Guam,GUM,Guam,167294.0,9.0,2019.0,5920.0,2018,6. Developing region,2. High income: nonOECD,GQ,Oceania,Oceania,Micronesia,East Asia & Pacific
94,94,Guatemala,gt,9.193014687524387,16.76014995074416,,,Admin-0 country,0.0,3,Guatemala,GTM,0.0,2,Sovereign country,1,Guatemala,GTM,0,Guatemala,GTM,0,Guatemala,GTM,0,Guatemala,Guatemala,GTM,Guatemala,16604026.0,14.0,2019.0,76710.0,2019,6. Developing region,4. Lower middle income,GT,North America,Americas,Central America,Latin America & Caribbean
95,95,Guernsey,gg,0.009025177408068,0.416945004230022,,,Admin-0 country,5.0,6,United Kingdom,GB1,1.0,2,Country,1,Guernsey,GGY,0,Guernsey,GGY,0,Guernsey,GGY,0,Guernsey,Guernsey,GGY,Guernsey,62792.0,8.0,2019.0,3465.0,2015,2. Developed region: nonG7,2. High income: nonOECD,GK,Europe,Europe,Northern Europe,Europe & Central Asia
96,96,Guinea,gn,20.238618319490683,31.72019247391492,,,Admin-0 country,0.0,3,Guinea,GIN,0.0,2,Sovereign country,1,Guinea,GIN,0,Guinea,GIN,0,Guinea,GIN,0,Guinea,Guinea,GIN,Guinea,12771246.0,14.0,2019.0,12296.0,2019,7. Least developed region,5. Low income,GV,Africa,Africa,Western Africa,Sub-Saharan Africa
97,97,Guinea-Bissau,gw,2.760992398306108,17.26042443685003,,,Admin-0 country,0.0,6,Guinea-Bissau,GNB,0.0,2,Sovereign country,1,Guinea-Bissau,GNB,0,Guinea-Bissau,GNB,0,Guinea-Bissau,GNB,0,Guinea-Bissau,Guinea-Bissau,GNB,Guinea-Bissau,1920922.0,12.0,2019.0,1339.0,2019,7. Least developed region,5. Low income,PU,Africa,Africa,Western Africa,Sub-Saharan Africa
98,98,Guyana,gy,17.17521475584393,25.70759852958417,,,Admin-0 country,0.0,4,Guyana,GUY,0.0,2,Sovereign country,1,Guyana,GUY,0,Guyana,GUY,0,Guyana,GUY,0,Guyana,Guyana,GUY,Guyana,782766.0,11.0,2019.0,5173.0,2019,6. Developing region,4. Lower middle income,GY,South America,Americas,South America,Latin America & Caribbean
99,99,Haiti,ht,2.330595454510239,14.031049405548238,,,Admin-0 country,0.0,5,Haiti,HTI,0.0,2,Sovereign country,1,Haiti,HTI,0,Haiti,HTI,0,Haiti,HTI,0,Haiti,Haiti,HTI,Haiti,11263077.0,14.0,2019.0,14332.0,2019,7. Least developed region,5. Low income,HA,North America,Americas,Caribbean,Latin America & Caribbean
100,100,Heard Island and McDonald Islands,hm,0.053681483935304,1.232743979394105,,,Admin-0 country,5.0,5,Australia,AU1,1.0,2,Dependency,1,Heard Island and McDonald Islands,HMD,0,Heard Island and McDonald Islands,HMD,0,Heard Island and McDonald Islands,HMD,0,Heard I. and McDonald Is.,Heard I. and McDonald Islands,HMD,Heard I. and McDonald Is.,0.0,1.0,2019.0,0.0,2016,7. Least developed region,5. Low income,HM,Seven seas (open ocean),Africa,Seven seas (open ocean),Sub-Saharan Africa
101,101,Honduras,hn,9.422323996347506,20.971746921877838,,,Admin-0 country,0.0,5,Honduras,HND,0.0,2,Sovereign country,1,Honduras,HND,0,Honduras,HND,0,Honduras,HND,0,Honduras,Honduras,HND,Honduras,9746117.0,13.0,2019.0,25095.0,2019,6. Developing region,4. Lower middle income,HO,North America,Americas,Central America,Latin America & Caribbean
102,102,Hungary,hu,11.03328897241265,18.16204448086423,,,Admin-0 country,0.0,5,Hungary,HUN,0.0,2,Sovereign country,1,Hungary,HUN,0,Hungary,HUN,0,Hungary,HUN,0,Hungary,Hungary,HUN,Hungary,9769949.0,13.0,2019.0,163469.0,2019,2. Developed region: nonG7,1. High income: OECD,HU,Europe,Europe,Eastern Europe,Europe & Central Asia
103,103,Iceland,is,19.573571011144484,58.777719826835586,,,Admin-0 country,0.0,3,Iceland,ISL,0.0,2,Sovereign country,1,Iceland,ISL,0,Iceland,ISL,0,Iceland,ISL,0,Iceland,Iceland,ISL,Iceland,361313.0,10.0,2019.0,24188.0,2019,2. Developed region: nonG7,1. High income: OECD,IC,Europe,Europe,Northern Europe,Europe & Central Asia
104,104,India,in,278.6886247942884,176.50152209141302,,,Admin-0 country,0.0,2,India,IND,0.0,2,Sovereign country,1,India,IND,0,India,IND,0,India,IND,0,India,India,IND,India,1366417754.0,18.0,2019.0,2868929.0,2019,3. Emerging region: BRIC,4. Lower middle income,IN,Asia,Asia,Southern Asia,South Asia
105,105,Indonesia,id,153.00250903672543,416.2550078715501,,,Admin-0 country,0.0,2,Indonesia,IDN,0.0,2,Sovereign country,1,Indonesia,IDN,0,Indonesia,IDN,0,Indonesia,IDN,0,Indonesia,Indonesia,IDN,Indonesia,270625568.0,17.0,2019.0,1119190.0,2019,4. Emerging region: MIKT,4. Lower middle income,ID,Asia,Asia,South-Eastern Asia,East Asia & Pacific
106,106,Iran,ir,161.76989341473362,75.77321353923432,,,Admin-0 country,0.0,2,Iran,IRN,0.0,2,Sovereign country,1,Iran,IRN,0,Iran,IRN,0,Iran,IRN,0,Iran,Iran,IRN,Iran,82913906.0,16.0,2019.0,453996.0,2018,5. Emerging region: G20,3. Upper middle income,IR,Asia,Asia,Southern Asia,Middle East & North Africa
107,107,Iraq,iq,42.14204170004404,33.620014919863884,,,Admin-0 country,0.0,3,Iraq,IRQ,0.0,2,Sovereign country,1,Iraq,IRQ,0,Iraq,IRQ,0,Iraq,IRQ,0,Iraq,Iraq,IRQ,Iraq,39309783.0,15.0,2019.0,234094.0,2019,6. Developing region,4. Lower middle income,IZ,Asia,Asia,Western Asia,Middle East & North Africa
108,108,Ireland,ie,9.359491416232729,34.82807004009646,,,Admin-0 country,0.0,3,Ireland,IRL,0.0,2,Sovereign country,1,Ireland,IRL,0,Ireland,IRL,0,Ireland,IRL,0,Ireland,Ireland,IRL,Ireland,4941444.0,12.0,2019.0,388698.0,2019,2. Developed region: nonG7,1. High income: OECD,EI,Europe,Europe,Northern Europe,Europe & Central Asia
109,109,Isle of Man,im,0.085147042258195,1.295169939570724,,,Admin-0 country,6.0,6,United Kingdom,GB1,1.0,2,Country,1,Isle of Man,IMN,0,Isle of Man,IMN,0,Isle of Man,IMN,0,Isle of Man,Isle of Man,IMN,Isle of Man,84584.0,8.0,2019.0,7491.0,2018,2. Developed region: nonG7,2. High income: nonOECD,IM,Europe,Europe,Northern Europe,Europe & Central Asia
110,110,Israel,il,1.964363115831791,10.780802339333594,,,Admin-0 country,0.0,4,Israel,IS1,1.0,2,Disputed,1,Israel,ISR,0,Israel,ISR,0,Israel,ISR,1,Israel,Israel,ISR,Israel,9053300.0,13.0,2019.0,394652.0,2019,2. Developed region: nonG7,1. High income: OECD,-99,Asia,Asia,Western Asia,Middle East & North Africa
111,111,Italy,it,33.0550638295197,68.04430092206898,,,Admin-0 country,0.0,2,Italy,ITA,0.0,2,Sovereign country,1,Italy,ITA,0,Italy,ITA,0,Italy,ITA,0,Italy,Italy,ITA,Italy,60297396.0,16.0,2019.0,2003576.0,2019,1. Developed region: G7,1. High income: OECD,IT,Europe,Europe,Southern Europe,Europe & Central Asia
112,112,Jamaica,jm,0.942433833953154,5.385819543053987,,,Admin-0 country,1.0,4,Jamaica,JAM,0.0,2,Sovereign country,1,Jamaica,JAM,0,Jamaica,JAM,0,Jamaica,JAM,0,Jamaica,Jamaica,JAM,Jamaica,2948279.0,12.0,2019.0,16458.0,2019,6. Developing region,3. Upper middle income,JM,North America,Americas,Caribbean,Latin America & Caribbean
113,113,Japan,jp,37.9413075726335,118.05310117706632,,,Admin-0 country,0.0,2,Japan,JPN,0.0,2,Sovereign country,1,Japan,JPN,0,Japan,JPN,0,Japan,JPN,0,Japan,Japan,JPN,Japan,126264931.0,17.0,2019.0,5081769.0,2019,1. Developed region: G7,1. High income: OECD,JA,Asia,Asia,Eastern Asia,East Asia & Pacific
114,114,Jersey,je,0.015394877776833,0.576975589090226,,,Admin-0 country,5.0,6,United Kingdom,GB1,1.0,2,Country,1,Jersey,JEY,0,Jersey,JEY,0,Jersey,JEY,0,Jersey,Jersey,JEY,Jersey,107800.0,9.0,2019.0,5080.0,2015,2. Developed region: nonG7,2. High income: nonOECD,JE,Europe,Europe,Northern Europe,Europe & Central Asia
115,115,Jordan,jo,8.449114187573874,16.1779616152639,,,Admin-0 country,0.0,4,Jordan,JOR,0.0,2,Sovereign country,1,Jordan,JOR,0,Jordan,JOR,0,Jordan,JOR,0,Jordan,Jordan,JOR,Jordan,10101694.0,14.0,2019.0,44502.0,2019,6. Developing region,3. Upper middle income,JO,Asia,Asia,Western Asia,Middle East & North Africa
116,116,Juan De Nova Island,tf,0.000487027854418,0.092503409832995,,,,,,,,,,,,,,,,,,,,,,,,,,,,,,,,,,,,
117,117,Kazakhstan,kz,343.16006631770864,140.34774750474625,,,Admin-0 country,0.0,3,Kazakhstan,KA1,1.0,1,Sovereignty,1,Kazakhstan,KAZ,0,Kazakhstan,KAZ,0,Kazakhstan,KAZ,0,Kazakhstan,Kazakhstan,KAZ,Kazakhstan,18513930.0,14.0,2019.0,181665.0,2019,6. Developing region,3. Upper middle income,KZ,Asia,Asia,Central Asia,Europe & Central Asia
118,118,Kenya,ke,47.30685213048702,33.6126787257929,,,Admin-0 country,0.0,2,Kenya,KEN,0.0,2,Sovereign country,1,Kenya,KEN,0,Kenya,KEN,0,Kenya,KEN,0,Kenya,Kenya,KEN,Kenya,52573973.0,16.0,2019.0,95503.0,2019,5. Emerging region: G20,5. Low income,KE,Africa,Africa,Eastern Africa,Sub-Saharan Africa
119,119,Kiribati,ki,0.034352056257596,1.681799294778887,,,Admin-0 country,3.0,6,Kiribati,KIR,0.0,2,Sovereign country,1,Kiribati,KIR,0,Kiribati,KIR,0,Kiribati,KIR,0,Kiribati,Kiribati,KIR,Kiribati,117606.0,9.0,2019.0,194.0,2019,7. Least developed region,4. Lower middle income,KR,Oceania,Oceania,Micronesia,East Asia & Pacific
120,120,Kuwait,kw,1.555085109693091,7.548768227416227,,,Admin-0 country,0.0,6,Kuwait,KWT,0.0,2,Sovereign country,1,Kuwait,KWT,0,Kuwait,KWT,0,Kuwait,KWT,0,Kuwait,Kuwait,KWT,Kuwait,4207083.0,12.0,2019.0,134628.0,2019,6. Developing region,2. High income: nonOECD,KU,Asia,Asia,Western Asia,Middle East & North Africa
121,121,Kyrgyzstan,kg,21.51182829138133,36.75413035144194,,,Admin-0 country,0.0,4,Kyrgyzstan,KGZ,0.0,2,Sovereign country,1,Kyrgyzstan,KGZ,0,Kyrgyzstan,KGZ,0,Kyrgyzstan,KGZ,0,Kyrgyzstan,Kyrgyzstan,KGZ,Kyrgyzstan,6456900.0,13.0,2019.0,8454.0,2019,6. Developing region,5. Low income,KG,Asia,Asia,Central Asia,Europe & Central Asia
122,122,Laos,la,19.68037371482493,37.55825226745877,,,Admin-0 country,0.0,4,Laos,LAO,0.0,2,Sovereign country,1,Laos,LAO,0,Laos,LAO,0,Laos,LAO,0,Laos,Lao PDR,LAO,Laos,7169455.0,13.0,2019.0,18173.0,2019,7. Least developed region,4. Lower middle income,LA,Asia,Asia,South-Eastern Asia,East Asia & Pacific
123,123,Latvia,lv,9.516091858978372,19.34280501979631,,,Admin-0 country,0.0,5,Latvia,LVA,0.0,2,Sovereign country,1,Latvia,LVA,0,Latvia,LVA,0,Latvia,LVA,0,Latvia,Latvia,LVA,Latvia,1912789.0,12.0,2019.0,34102.0,2019,2. Developed region: nonG7,3. Upper middle income,LG,Europe,Europe,Northern Europe,Europe & Central Asia
124,124,Lebanon,lb,0.995855918761374,5.611568837680388,,,Admin-0 country,0.0,5,Lebanon,LBN,0.0,2,Sovereign country,1,Lebanon,LBN,0,Lebanon,LBN,0,Lebanon,LBN,0,Lebanon,Lebanon,LBN,Lebanon,6855713.0,13.0,2019.0,51991.0,2019,6. Developing region,3. Upper middle income,LE,Asia,Asia,Western Asia,Middle East & North Africa
125,125,Lesotho,ls,2.841508137900834,7.098031814368809,,,Admin-0 country,0.0,6,Lesotho,LSO,0.0,2,Sovereign country,1,Lesotho,LSO,0,Lesotho,LSO,0,Lesotho,LSO,0,Lesotho,Lesotho,LSO,Lesotho,2125268.0,12.0,2019.0,2376.0,2019,7. Least developed region,4. Lower middle income,LT,Africa,Africa,Southern Africa,Sub-Saharan Africa
126,126,Liberia,lr,7.848846861863747,15.17124874517208,,,Admin-0 country,0.0,4,Liberia,LBR,0.0,2,Sovereign country,1,Liberia,LBR,0,Liberia,LBR,0,Liberia,LBR,0,Liberia,Liberia,LBR,Liberia,4937374.0,12.0,2019.0,3070.0,2019,7. Least developed region,5. Low income,LI,Africa,Africa,Western Africa,Sub-Saharan Africa
127,127,Libya,ly,147.347375236215,57.44435093254196,,,Admin-0 country,0.0,3,Libya,LBY,0.0,2,Sovereign country,1,Libya,LBY,0,Libya,LBY,0,Libya,LBY,0,Libya,Libya,LBY,Libya,6777452.0,13.0,2019.0,52091.0,2019,6. Developing region,3. Upper middle income,LY,Africa,Africa,Northern Africa,Middle East & North Africa
128,128,Liechtenstein,li,0.020920516741825,0.633865658935704,,,Admin-0 country,0.0,6,Liechtenstein,LIE,0.0,2,Sovereign country,1,Liechtenstein,LIE,0,Liechtenstein,LIE,0,Liechtenstein,LIE,0,Liechtenstein,Liechtenstein,LIE,Liechtenstein,38019.0,7.0,2019.0,6876.0,2018,2. Developed region: nonG7,2. High income: nonOECD,LS,Europe,Europe,Western Europe,Europe & Central Asia
129,129,Lithuania,lt,9.202562861380722,17.13211412731365,,,Admin-0 country,0.0,5,Lithuania,LTU,0.0,2,Sovereign country,1,Lithuania,LTU,0,Lithuania,LTU,0,Lithuania,LTU,0,Lithuania,Lithuania,LTU,Lithuania,2786844.0,12.0,2019.0,54627.0,2019,2. Developed region: nonG7,3. Upper middle income,LH,Europe,Europe,Northern Europe,Europe & Central Asia
130,130,Luxembourg,lu,0.322093450102925,2.646118593782323,,,Admin-0 country,0.0,6,Luxembourg,LUX,0.0,2,Sovereign country,1,Luxembourg,LUX,0,Luxembourg,LUX,0,Luxembourg,LUX,0,Luxembourg,Luxembourg,LUX,Luxembourg,619896.0,11.0,2019.0,71104.0,2019,2. Developed region: nonG7,1. High income: OECD,LU,Europe,Europe,Western Europe,Europe & Central Asia
131,131,Madagascar,mg,51.07102461786082,45.45655143869041,,,Admin-0 country,0.0,3,Madagascar,MDG,0.0,2,Sovereign country,1,Madagascar,MDG,0,Madagascar,MDG,0,Madagascar,MDG,0,Madagascar,Madagascar,MDG,Madagascar,26969307.0,15.0,2019.0,14114.0,2019,7. Least developed region,5. Low income,MA,Africa,Africa,Eastern Africa,Sub-Saharan Africa
132,132,Madeira,pt,0.07442691673453,1.251753643278979,,,,,,,,,,,,,,,,,,,,,,,,,,,,,,,,,,,,
133,133,Malawi,mw,9.886248773005942,23.140237560789302,,,Admin-0 country,0.0,6,Malawi,MWI,0.0,2,Sovereign country,1,Malawi,MWI,0,Malawi,MWI,0,Malawi,MWI,0,Malawi,Malawi,MWI,Malawi,18628747.0,14.0,2019.0,7666.0,2019,7. Least developed region,5. Low income,MI,Africa,Africa,Eastern Africa,Sub-Saharan Africa
134,134,Malaysia,my,26.753194278069625,60.76676232411011,,,Admin-0 country,0.0,3,Malaysia,MYS,0.0,2,Sovereign country,1,Malaysia,MYS,0,Malaysia,MYS,0,Malaysia,MYS,0,Malaysia,Malaysia,MYS,Malaysia,31949777.0,15.0,2019.0,364681.0,2019,6. Developing region,3. Upper middle income,MY,Asia,Asia,South-Eastern Asia,East Asia & Pacific
135,135,Maldives,mv,0.002738403123677,1.128630493223946,,,Admin-0 country,5.0,5,Maldives,MDV,0.0,2,Sovereign country,1,Maldives,MDV,0,Maldives,MDV,0,Maldives,MDV,0,Maldives,Maldives,MDV,Maldives,530953.0,11.0,2019.0,5642.0,2019,6. Developing region,3. Upper middle income,MV,Seven seas (open ocean),Asia,Southern Asia,South Asia
136,136,Mali,ml,106.6495809269496,64.20451677527716,,,Admin-0 country,0.0,3,Mali,MLI,0.0,2,Sovereign country,1,Mali,MLI,0,Mali,MLI,0,Mali,MLI,0,Mali,Mali,MLI,Mali,19658031.0,14.0,2019.0,17279.0,2019,7. Least developed region,5. Low income,ML,Africa,Africa,Western Africa,Sub-Saharan Africa
137,137,Malta,mt,0.029386432554178,0.680191749662977,,,Admin-0 country,5.0,5,Malta,MLT,0.0,2,Sovereign country,1,Malta,MLT,0,Malta,MLT,0,Malta,MLT,0,Malta,Malta,MLT,Malta,502653.0,11.0,2019.0,14989.0,2019,2. Developed region: nonG7,2. High income: nonOECD,MT,Europe,Europe,Southern Europe,Middle East & North Africa
138,138,Marshall Islands,mh,0.002844908609061,0.683479015714763,,,Admin-0 country,5.0,6,Marshall Islands,MHL,0.0,2,Sovereign country,1,Marshall Islands,MHL,0,Marshall Islands,MHL,0,Marshall Islands,MHL,0,Marshall Is.,Marshall Islands,MHL,Marshall Is.,58791.0,8.0,2019.0,221.0,2018,6. Developing region,4. Lower middle income,RM,Oceania,Oceania,Micronesia,East Asia & Pacific
139,139,Martinique,mq,0.096314146166512,1.379038117528176,,,,,,,,,,,,,,,,,,,,,,,,,,,,,,,,,,,,
140,140,Mauritania,mr,89.90507687836835,52.308388955560964,,,Admin-0 country,0.0,3,Mauritania,MRT,0.0,2,Sovereign country,1,Mauritania,MRT,0,Mauritania,MRT,0,Mauritania,MRT,0,Mauritania,Mauritania,MRT,Mauritania,4525696.0,12.0,2019.0,7600.0,2019,7. Least developed region,5. Low income,MR,Africa,Africa,Western Africa,Sub-Saharan Africa
141,141,Mauritius,mu,0.185448296191563,1.995267778168207,,,Admin-0 country,3.0,5,Mauritius,MUS,0.0,2,Sovereign country,1,Mauritius,MUS,0,Mauritius,MUS,0,Mauritius,MUS,0,Mauritius,Mauritius,MUS,Mauritius,1265711.0,12.0,2019.0,14048.0,2019,6. Developing region,3. Upper middle income,MP,Seven seas (open ocean),Africa,Eastern Africa,Sub-Saharan Africa
142,142,Mayotte,yt,0.037154799645987,1.074471870553785,,,,,,,,,,,,,,,,,,,,,,,,,,,,,,,,,,,,
143,143,Mexico,mx,174.11765958485313,149.33109283538607,,,Admin-0 country,0.0,2,Mexico,MEX,0.0,2,Sovereign country,1,Mexico,MEX,0,Mexico,MEX,0,Mexico,MEX,0,Mexico,Mexico,MEX,Mexico,127575529.0,17.0,2019.0,1268870.0,2019,4. Emerging region: MIKT,3. Upper middle income,MX,North America,Americas,Central America,Latin America & Caribbean
144,144,Micronesia,fm,0.042205775059682,1.042421240519243,,,,,,,,,,,,,,,,,,,,,,,,,,,,,,,,,,,,
145,145,Moldova,md,3.998942387663457,12.457246783443294,,,Admin-0 country,0.0,6,Moldova,MDA,0.0,2,Sovereign country,1,Moldova,MDA,0,Moldova,MDA,0,Moldova,MDA,0,Moldova,Moldova,MDA,Moldova,2657637.0,12.0,2019.0,11968.0,2019,6. Developing region,4. Lower middle income,MD,Europe,Europe,Eastern Europe,Europe & Central Asia
146,146,Monaco,mc,0.001036188627938,0.1374125681801,,,,,,,,,,,,,,,,,,,,,,,,,,,,,,,,,,,,
147,147,Mongolia,mn,184.43204512517582,85.10150455255588,,,Admin-0 country,0.0,3,Mongolia,MNG,0.0,2,Sovereign country,1,Mongolia,MNG,0,Mongolia,MNG,0,Mongolia,MNG,0,Mongolia,Mongolia,MNG,Mongolia,3225167.0,12.0,2019.0,13996.0,2019,6. Developing region,4. Lower middle income,MG,Asia,Asia,Eastern Asia,East Asia & Pacific
148,148,Montenegro,me,1.518004362407404,7.288273484784286,,,Admin-0 country,0.0,6,Montenegro,MNE,0.0,2,Sovereign country,1,Montenegro,MNE,0,Montenegro,MNE,0,Montenegro,MNE,0,Montenegro,Montenegro,MNE,Montenegro,622137.0,11.0,2019.0,5542.0,2019,6. Developing region,3. Upper middle income,MJ,Europe,Europe,Southern Europe,Europe & Central Asia
149,149,Montserrat,ms,0.009538789282912,0.378841026917159,,,Admin-0 country,3.0,6,United Kingdom,GB1,1.0,2,Dependency,1,Montserrat,MSR,0,Montserrat,MSR,0,Montserrat,MSR,0,Montserrat,Montserrat,MSR,Montserrat,4649.0,4.0,2019.0,44.0,2006,6. Developing region,4. Lower middle income,MH,North America,Americas,Caribbean,Latin America & Caribbean
150,150,Morocco,ma,62.46316645028593,56.103256606978796,,,Admin-0 country,0.0,3,Morocco,MAR,0.0,2,Sovereign country,1,Morocco,MAR,0,Morocco,MAR,0,Morocco,MAR,0,Morocco,Morocco,MAR,Morocco,36471769.0,15.0,2019.0,119700.0,2019,6. Developing region,4. Lower middle income,MO,Africa,Africa,Northern Africa,Middle East & North Africa
151,151,Mozambique,mz,66.97652421931515,66.988924479769,,,Admin-0 country,0.0,3,Mozambique,MOZ,0.0,2,Sovereign country,1,Mozambique,MOZ,0,Mozambique,MOZ,0,Mozambique,MOZ,0,Mozambique,Mozambique,MOZ,Mozambique,30366036.0,15.0,2019.0,15291.0,2019,7. Least developed region,5. Low income,MZ,Africa,Africa,Eastern Africa,Sub-Saharan Africa
152,152,Myanmar,mm,58.12010793128922,87.34718885914593,,,Admin-0 country,0.0,3,Myanmar,MMR,0.0,2,Sovereign country,1,Myanmar,MMR,0,Myanmar,MMR,0,Myanmar,MMR,0,Myanmar,Myanmar,MMR,Myanmar,54045420.0,16.0,2019.0,76085.0,2019,7. Least developed region,5. Low income,BM,Asia,Asia,South-Eastern Asia,East Asia & Pacific
153,153,Namibia,na,72.31013904571495,48.90282413922982,,,Admin-0 country,0.0,3,Namibia,NAM,0.0,2,Sovereign country,1,Namibia,NAM,0,Namibia,NAM,0,Namibia,NAM,0,Namibia,Namibia,NAM,Namibia,2494530.0,12.0,2019.0,12366.0,2019,6. Developing region,3. Upper middle income,WA,Africa,Africa,Southern Africa,Sub-Saharan Africa
154,154,Nauru,nr,0.002206821739663,0.173777331029355,,,Admin-0 country,5.0,6,Nauru,NRU,0.0,2,Sovereign country,1,Nauru,NRU,0,Nauru,NRU,0,Nauru,NRU,0,Nauru,Nauru,NRU,Nauru,12581.0,6.0,2019.0,118.0,2019,6. Developing region,4. Lower middle income,NR,Oceania,Oceania,Micronesia,East Asia & Pacific
155,155,Nepal,np,13.53372045346086,23.533266661507763,,,Admin-0 country,0.0,3,Nepal,NPL,0.0,2,Sovereign country,1,Nepal,NPL,0,Nepal,NPL,0,Nepal,NPL,0,Nepal,Nepal,NPL,Nepal,28608710.0,15.0,2019.0,30641.0,2019,7. Least developed region,5. Low income,NP,Asia,Asia,Southern Asia,South Asia
156,156,Netherlands,nl,4.598853459271147,25.804231563779027,,,Admin-0 country,0.0,5,Netherlands,NL1,1.0,2,Country,1,Netherlands,NLD,0,Netherlands,NLD,0,Netherlands,NLD,0,Netherlands,Netherlands,NLD,Netherlands,17332850.0,14.0,2019.0,907050.0,2019,2. Developed region: nonG7,1. High income: OECD,NL,Europe,Europe,Western Europe,Europe & Central Asia
157,157,New Caledonia,nc,1.640598978601308,12.57187078459113,,,Admin-0 country,1.0,3,France,FR1,1.0,2,Dependency,1,New Caledonia,NCL,0,New Caledonia,NCL,0,New Caledonia,NCL,0,New Caledonia,New Caledonia,NCL,New Caledonia,287800.0,10.0,2019.0,10770.0,2016,6. Developing region,2. High income: nonOECD,NC,Oceania,Oceania,Melanesia,East Asia & Pacific
158,158,New Zealand,nz,29.174238708051284,80.3321209534038,,,Admin-0 country,0.0,2,New Zealand,NZ1,1.0,2,Country,1,New Zealand,NZL,0,New Zealand,NZL,0,New Zealand,NZL,0,New Zealand,New Zealand,NZL,New Zealand,4917000.0,12.0,2019.0,206928.0,2019,2. Developed region: nonG7,1. High income: OECD,NZ,Oceania,Oceania,Australia and New Zealand,East Asia & Pacific
159,159,Nicaragua,ni,10.668797100759308,18.030674440488266,,,Admin-0 country,0.0,5,Nicaragua,NIC,0.0,2,Sovereign country,1,Nicaragua,NIC,0,Nicaragua,NIC,0,Nicaragua,NIC,0,Nicaragua,Nicaragua,NIC,Nicaragua,6545502.0,13.0,2019.0,12520.0,2019,6. Developing region,4. Lower middle income,NU,North America,Americas,Central America,Latin America & Caribbean
160,160,Niger,ne,100.63781138157096,50.80363722126901,,,Admin-0 country,0.0,3,Niger,NER,0.0,2,Sovereign country,1,Niger,NER,0,Niger,NER,0,Niger,NER,0,Niger,Niger,NER,Niger,23310715.0,15.0,2019.0,12911.0,2019,7. Least developed region,5. Low income,NG,Africa,Africa,Western Africa,Sub-Saharan Africa
161,161,Nigeria,ng,74.88764156208907,48.108082151028995,,,Admin-0 country,0.0,2,Nigeria,NGA,0.0,2,Sovereign country,1,Nigeria,NGA,0,Nigeria,NGA,0,Nigeria,NGA,0,Nigeria,Nigeria,NGA,Nigeria,200963599.0,17.0,2019.0,448120.0,2019,5. Emerging region: G20,4. Lower middle income,NI,Africa,Africa,Western Africa,Sub-Saharan Africa
162,162,Niue,nu,0.021413763180365,0.54141251184954,,,Admin-0 country,5.0,4,New Zealand,NZ1,1.0,2,Dependency,1,Niue,NIU,0,Niue,NIU,0,Niue,NIU,0,Niue,Niue,NIU,Niue,1620.0,3.0,2018.0,10.0,2003,6. Developing region,3. Upper middle income,NE,Oceania,Oceania,Polynesia,East Asia & Pacific
163,163,Norfolk Island,nf,0.004538020412096,0.25975410860056,,,Admin-0 country,6.0,5,Australia,AU1,1.0,2,Dependency,1,Norfolk Island,NFK,0,Norfolk Island,NFK,0,Norfolk Island,NFK,0,Norfolk Island,Norfolk Island,NFK,Norfolk Island,2169.0,4.0,2011.0,32.0,2016,6. Developing region,4. Lower middle income,NF,Oceania,Oceania,Australia and New Zealand,East Asia & Pacific
164,164,North Korea,kp,12.918862339427749,27.068969198535417,,,Admin-0 country,0.0,3,North Korea,PRK,0.0,2,Sovereign country,1,North Korea,PRK,0,North Korea,PRK,0,North Korea,PRK,0,North Korea,Dem. Rep. Korea,PRK,Dem. Rep. Korea,25666161.0,15.0,2019.0,40000.0,2016,7. Least developed region,5. Low income,KN,Asia,Asia,Eastern Asia,East Asia & Pacific
165,165,North Macedonia,mk,2.750003633859791,7.215511439321034,,,Admin-0 country,0.0,6,North Macedonia,MKD,0.0,2,Sovereign country,1,North Macedonia,MKD,0,North Macedonia,MKD,0,North Macedonia,MKD,0,North Macedonia,North Macedonia,MKD,North Macedonia,2083459.0,12.0,2019.0,12547.0,2019,6. Developing region,3. Upper middle income,MK,Europe,Europe,Southern Europe,Europe & Central Asia
166,166,Northern Mariana Islands,mp,0.019927030761297,0.908853027863224,,,Admin-0 country,5.0,6,United States of America,US1,1.0,2,Dependency,1,Northern Mariana Islands,MNP,0,Northern Mariana Islands,MNP,0,Northern Mariana Islands,MNP,0,N. Mariana Is.,Northern Mariana Islands,MNP,N. Mariana Is.,57216.0,8.0,2019.0,1323.0,2018,6. Developing region,2. High income: nonOECD,CQ,Oceania,Oceania,Micronesia,East Asia & Pacific
167,167,Norway,no,59.93964341102809,295.01521462291385,,,Admin-0 country,0.0,3,Norway,NOR,0.0,2,Sovereign country,,Norway,NOR,0,Norway,NOR,0,Norway,NOR,0,Norway,Norway,NOR,Norway,5347896.0,13.0,2019.0,403336.0,2019,2. Developed region: nonG7,1. High income: OECD,-99,Europe,Europe,Northern Europe,Europe & Central Asia
168,168,Oman,om,26.7609144790414,32.3352139020106,,,Admin-0 country,0.0,4,Oman,OMN,0.0,2,Sovereign country,1,Oman,OMN,0,Oman,OMN,0,Oman,OMN,0,Oman,Oman,OMN,Oman,4974986.0,12.0,2019.0,76331.0,2019,6. Developing region,2. High income: nonOECD,MU,Asia,Asia,Western Asia,Middle East & North Africa
169,169,Pakistan,pk,82.06251641618053,71.72979375593401,,,Admin-0 country,0.0,2,Pakistan,PAK,0.0,2,Sovereign country,1,Pakistan,PAK,0,Pakistan,PAK,0,Pakistan,PAK,0,Pakistan,Pakistan,PAK,Pakistan,216565318.0,17.0,2019.0,278221.0,2019,5. Emerging region: G20,4. Lower middle income,PK,Asia,Asia,Southern Asia,South Asia
170,170,Palau,pw,0.031136027748861,1.105323301638057,,,Admin-0 country,5.0,6,Palau,PLW,0.0,2,Sovereign country,1,Palau,PLW,0,Palau,PLW,0,Palau,PLW,0,Palau,Palau,PLW,Palau,18008.0,6.0,2019.0,268.0,2019,6. Developing region,3. Upper middle income,PS,Oceania,Oceania,Micronesia,East Asia & Pacific
171,171,Palestinian Territory,ps,0.594932778161928,4.757897586726383,,,,,,,,,,,,,,,,,,,,,,,,,,,,,,,,,,,,
172,172,Panama,pa,6.088301151408965,25.300754981141004,,,Admin-0 country,0.0,4,Panama,PAN,0.0,2,Sovereign country,1,Panama,PAN,0,Panama,PAN,0,Panama,PAN,0,Panama,Panama,PAN,Panama,4246439.0,12.0,2019.0,66800.0,2019,6. Developing region,3. Upper middle income,PM,North America,Americas,Central America,Latin America & Caribbean
173,173,Papua New Guinea,pg,37.78042076036517,89.29137648881918,,,Admin-0 country,0.0,2,Papua New Guinea,PNG,0.0,2,Sovereign country,1,Papua New Guinea,PNG,0,Papua New Guinea,PNG,1,Papua New Guinea,PN1,0,Papua New Guinea,Papua New Guinea,PN1,Papua New Guinea,8776109.0,13.0,2019.0,24829.0,2019,6. Developing region,4. Lower middle income,PP,Oceania,Oceania,Melanesia,East Asia & Pacific
174,174,Paraguay,py,35.208738514282544,30.891883907774215,,,Admin-0 country,0.0,4,Paraguay,PRY,0.0,2,Sovereign country,1,Paraguay,PRY,0,Paraguay,PRY,0,Paraguay,PRY,0,Paraguay,Paraguay,PRY,Paraguay,7044636.0,13.0,2019.0,38145.0,2019,5. Emerging region: G20,4. Lower middle income,PA,South America,Americas,South America,Latin America & Caribbean
175,175,Peru,pe,106.50085776675357,68.28538440786713,,,Admin-0 country,0.0,2,Peru,PER,0.0,2,Sovereign country,1,Peru,PER,0,Peru,PER,0,Peru,PER,0,Peru,Peru,PER,Peru,32510453.0,15.0,2019.0,226848.0,2019,5. Emerging region: G20,3. Upper middle income,PE,South America,Americas,South America,Latin America & Caribbean
176,176,Philippines,ph,24.30019254377626,130.2313509491704,,,Admin-0 country,0.0,2,Philippines,PHL,0.0,2,Sovereign country,1,Philippines,PHL,0,Philippines,PHL,0,Philippines,PHL,0,Philippines,Philippines,PHL,Philippines,108116615.0,17.0,2019.0,376795.0,2019,5. Emerging region: G20,4. Lower middle income,RP,Asia,Asia,South-Eastern Asia,East Asia & Pacific
177,177,Pitcairn,pn,0.004286042985784,0.338167133312508,,,,,,,,,,,,,,,,,,,,,,,,,,,,,,,,,,,,
178,178,Poland,pl,40.91073052181713,35.327835707870356,,,Admin-0 country,0.0,3,Poland,POL,0.0,2,Sovereign country,1,Poland,POL,0,Poland,POL,0,Poland,POL,0,Poland,Poland,POL,Poland,37970874.0,15.0,2019.0,595858.0,2019,2. Developed region: nonG7,1. High income: OECD,PL,Europe,Europe,Eastern Europe,Europe & Central Asia
179,179,Portugal,pt,9.302483692899061,19.45369558575302,,,Admin-0 country,0.0,2,Portugal,PRT,0.0,2,Sovereign country,1,Portugal,PRT,0,Portugal,PRT,1,Portugal,PR1,0,Portugal,Portugal,PR1,Portugal,10269417.0,14.0,2019.0,238785.0,2019,2. Developed region: nonG7,1. High income: OECD,PO,Europe,Europe,Southern Europe,Europe & Central Asia
180,180,Puerto Rico,pr,0.7813508145237,4.788617658983918,,,Admin-0 country,1.0,5,United States of America,US1,1.0,2,Dependency,1,Puerto Rico,PRI,0,Puerto Rico,PRI,0,Puerto Rico,PRI,0,Puerto Rico,Puerto Rico,PRI,Puerto Rico,3193694.0,12.0,2019.0,104988.0,2019,6. Developing region,2. High income: nonOECD,RQ,North America,Americas,Caribbean,Latin America & Caribbean
181,181,Qatar,qa,0.994812395645856,4.789811116642417,,,Admin-0 country,0.0,5,Qatar,QAT,0.0,2,Sovereign country,1,Qatar,QAT,0,Qatar,QAT,0,Qatar,QAT,0,Qatar,Qatar,QAT,Qatar,2832067.0,12.0,2019.0,175837.0,2019,6. Developing region,2. High income: nonOECD,QA,Asia,Asia,Western Asia,Middle East & North Africa
182,182,RÃ©union,re,0.229703195980864,1.809501186825892,,,,,,,,,,,,,,,,,,,,,,,,,,,,,,,,,,,,
183,183,Romania,ro,27.498309343580942,29.03629186432092,,,Admin-0 country,0.0,3,Romania,ROU,0.0,2,Sovereign country,1,Romania,ROU,0,Romania,ROU,0,Romania,ROU,0,Romania,Romania,ROU,Romania,19356544.0,14.0,2019.0,250077.0,2019,2. Developed region: nonG7,3. Upper middle income,RO,Europe,Europe,Eastern Europe,Europe & Central Asia
184,184,Russian Federation,ru,2931.5260821926604,1536.287149777923,,,,,,,,,,,,,,,,,,,,,,,,,,,,,,,,,,,,
185,185,Rwanda,rw,2.043382401254473,7.159854452953172,,,Admin-0 country,0.0,3,Rwanda,RWA,0.0,2,Sovereign country,1,Rwanda,RWA,0,Rwanda,RWA,0,Rwanda,RWA,0,Rwanda,Rwanda,RWA,Rwanda,12626950.0,14.0,2019.0,10354.0,2019,7. Least developed region,5. Low income,RW,Africa,Africa,Eastern Africa,Sub-Saharan Africa
186,186,Saba,bq,0.001203972146677,0.131117772332772,,,,,,,,,,,,,,,,,,,,,,,,,,,,,,,,,,,,
187,187,Saint Barthelemy,bl,0.001977549141183,0.23181356608819,,,,,,,,,,,,,,,,,,,,,,,,,,,,,,,,,,,,
188,188,Saint Eustatius,bq,0.002037489376404,0.195131826153914,,,,,,,,,,,,,,,,,,,,,,,,,,,,,,,,,,,,
189,189,Saint Helena,sh,0.011014109269856,0.417576735252988,,,Admin-0 country,5.0,6,United Kingdom,GB1,1.0,2,Dependency,1,Saint Helena,SHN,0,Saint Helena,SHN,0,Saint Helena,SHN,0,Saint Helena,Saint Helena,SHN,Saint Helena,4534.0,4.0,2016.0,31.0,2010,6. Developing region,4. Lower middle income,SH,Seven seas (open ocean),Africa,Western Africa,Sub-Saharan Africa
190,190,Saint Kitts and Nevis,kn,0.016625977346962,0.666472582996356,,,Admin-0 country,3.0,6,Saint Kitts and Nevis,KNA,0.0,2,Sovereign country,1,Saint Kitts and Nevis,KNA,0,Saint Kitts and Nevis,KNA,0,Saint Kitts and Nevis,KNA,0,St. Kitts and Nevis,Saint Kitts and Nevis,KNA,Saint Kitts and Nevis,52834.0,8.0,2019.0,1053.0,2019,6. Developing region,2. High income: nonOECD,SC,North America,Americas,Caribbean,Latin America & Caribbean
191,191,Saint Lucia,lc,0.053124397991302,0.95298765424427,,,Admin-0 country,3.0,6,Saint Lucia,LCA,0.0,2,Sovereign country,1,Saint Lucia,LCA,0,Saint Lucia,LCA,0,Saint Lucia,LCA,0,Saint Lucia,Saint Lucia,LCA,Saint Lucia,182790.0,9.0,2019.0,2122.0,2019,6. Developing region,3. Upper middle income,ST,North America,Americas,Caribbean,Latin America & Caribbean
192,192,Saint Martin,mf,0.004622118601132,0.408210817642094,,,Admin-0 country,3.0,6,France,FR1,1.0,2,Dependency,1,Saint Martin,MAF,0,Saint Martin,MAF,0,Saint Martin,MAF,0,St-Martin,Saint-Martin,MAF,Saint-Martin,38002.0,7.0,2019.0,562.0,2016,6. Developing region,2. High income: nonOECD,RN,North America,Americas,Caribbean,Latin America & Caribbean
193,193,Saint Pierre and Miquelon,pm,0.030158411693669,1.353249598932523,,,Admin-0 country,3.0,4,France,FR1,1.0,2,Dependency,1,Saint Pierre and Miquelon,SPM,0,Saint Pierre and Miquelon,SPM,0,Saint Pierre and Miquelon,SPM,0,St. Pierre and Miquelon,Saint Pierre and Miquelon,SPM,St. Pierre and Miquelon,5997.0,5.0,2017.0,215.0,2016,2. Developed region: nonG7,3. Upper middle income,SB,North America,Americas,Northern America,North America
194,194,Saint Vincent and the Grenadines,vc,0.02854481885125,0.649527005754028,,,Admin-0 country,3.0,6,Saint Vincent and the Grenadines,VCT,0.0,2,Sovereign country,1,Saint Vincent and the Grenadines,VCT,0,Saint Vincent and the Grenadines,VCT,0,Saint Vincent and the Grenadines,VCT,0,St. Vin. and Gren.,Saint Vincent and the Grenadines,VCT,St. Vin. and Gren.,110589.0,9.0,2019.0,824.0,2019,6. Developing region,3. Upper middle income,VC,North America,Americas,Caribbean,Latin America & Caribbean
195,195,Samoa,ws,0.245518905956019,3.019661894193636,,,Admin-0 country,3.0,4,Samoa,WSM,0.0,2,Sovereign country,1,Samoa,WSM,0,Samoa,WSM,0,Samoa,WSM,0,Samoa,Samoa,WSM,Samoa,197097.0,9.0,2019.0,852.0,2019,7. Least developed region,4. Lower middle income,WS,Oceania,Oceania,Polynesia,East Asia & Pacific
196,196,San Marino,sm,0.006711122649699,0.315110445720152,,,Admin-0 country,0.0,6,San Marino,SMR,0.0,2,Sovereign country,1,San Marino,SMR,0,San Marino,SMR,0,San Marino,SMR,0,San Marino,San Marino,SMR,San Marino,33860.0,7.0,2019.0,1655.0,2018,2. Developed region: nonG7,2. High income: nonOECD,SM,Europe,Europe,Southern Europe,Europe & Central Asia
197,197,Sao Tome and Principe,st,0.092790031516664,1.528284303312439,,,,,,,,,,,,,,,,,,,,,,,,,,,,,,,,,,,,
198,198,Saudi Arabia,sa,171.2822725069231,68.27670582473927,,,Admin-0 country,0.0,2,Saudi Arabia,SAU,0.0,2,Sovereign country,1,Saudi Arabia,SAU,0,Saudi Arabia,SAU,0,Saudi Arabia,SAU,0,Saudi Arabia,Saudi Arabia,SAU,Saudi Arabia,34268528.0,15.0,2019.0,792966.0,2019,2. Developed region: nonG7,2. High income: nonOECD,SA,Asia,Asia,Western Asia,Middle East & North Africa
199,199,Senegal,sn,16.42800560406539,31.010946782367046,,,Admin-0 country,0.0,3,Senegal,SEN,0.0,2,Sovereign country,1,Senegal,SEN,0,Senegal,SEN,0,Senegal,SEN,0,Senegal,Senegal,SEN,Senegal,16296364.0,14.0,2019.0,23578.0,2019,7. Least developed region,4. Lower middle income,SG,Africa,Africa,Western Africa,Sub-Saharan Africa
200,200,Serbia,rs,9.89661076759154,19.484992290566673,,,Admin-0 country,0.0,5,Republic of Serbia,SRB,0.0,2,Sovereign country,1,Republic of Serbia,SRB,0,Republic of Serbia,SRB,0,Republic of Serbia,SRB,0,Serbia,Serbia,SRB,Serbia,6944975.0,13.0,2019.0,51475.0,2019,6. Developing region,3. Upper middle income,RI,Europe,Europe,Southern Europe,Europe & Central Asia
201,201,Seychelles,sc,0.030892405641149,1.356726745998161,,,Admin-0 country,5.0,6,Seychelles,SYC,0.0,2,Sovereign country,1,Seychelles,SYC,0,Seychelles,SYC,0,Seychelles,SYC,0,Seychelles,Seychelles,SYC,Seychelles,97625.0,8.0,2019.0,1703.0,2019,6. Developing region,3. Upper middle income,SE,Seven seas (open ocean),Africa,Eastern Africa,Sub-Saharan Africa
202,202,Sierra Leone,sl,5.953836355152943,13.809717000221642,,,Admin-0 country,0.0,4,Sierra Leone,SLE,0.0,2,Sovereign country,1,Sierra Leone,SLE,0,Sierra Leone,SLE,0,Sierra Leone,SLE,0,Sierra Leone,Sierra Leone,SLE,Sierra Leone,7813215.0,13.0,2019.0,4121.0,2019,7. Least developed region,5. Low income,SL,Africa,Africa,Western Africa,Sub-Saharan Africa
203,203,Singapore,sg,0.044787972783764,0.858102626091241,,,Admin-0 country,3.0,6,Singapore,SGP,0.0,2,Sovereign country,1,Singapore,SGP,0,Singapore,SGP,0,Singapore,SGP,0,Singapore,Singapore,SGP,Singapore,5703569.0,13.0,2019.0,372062.0,2019,6. Developing region,2. High income: nonOECD,SN,Asia,Asia,South-Eastern Asia,East Asia & Pacific
204,204,Sint Maarten,sx,0.003645815774657,0.316927131331061,,,,,,,,,,,,,,,,,,,,,,,,,,,,,,,,,,,,
205,205,Slovakia,sk,5.978078003713133,14.309671719273009,,,Admin-0 country,0.0,6,Slovakia,SVK,0.0,2,Sovereign country,1,Slovakia,SVK,0,Slovakia,SVK,0,Slovakia,SVK,0,Slovakia,Slovakia,SVK,Slovakia,5454073.0,13.0,2019.0,105079.0,2019,2. Developed region: nonG7,1. High income: OECD,LO,Europe,Europe,Eastern Europe,Europe & Central Asia
206,206,Slovenia,si,2.376992050765251,9.952032288241787,,,Admin-0 country,0.0,6,Slovenia,SVN,0.0,2,Sovereign country,1,Slovenia,SVN,0,Slovenia,SVN,0,Slovenia,SVN,0,Slovenia,Slovenia,SVN,Slovenia,2087946.0,12.0,2019.0,54174.0,2019,2. Developed region: nonG7,1. High income: OECD,SI,Europe,Europe,Southern Europe,Europe & Central Asia
207,207,Solomon Islands,sb,2.218808076752626,30.461288397921674,,,Admin-0 country,1.0,3,Solomon Islands,SLB,0.0,2,Sovereign country,1,Solomon Islands,SLB,0,Solomon Islands,SLB,0,Solomon Islands,SLB,0,Solomon Is.,Solomon Islands,SLB,Solomon Is.,669823.0,11.0,2019.0,1589.0,2019,7. Least developed region,4. Lower middle income,BP,Oceania,Oceania,Melanesia,East Asia & Pacific
208,208,Somalia,so,52.07040245798507,48.9953616048232,,,Admin-0 country,0.0,6,Somalia,SOM,0.0,2,Sovereign country,1,Somalia,SOM,0,Somalia,SOM,0,Somalia,SOM,0,Somalia,Somalia,SOM,Somalia,10192317.3,14.0,2019.0,4719.0,2016,7. Least developed region,5. Low income,SO,Africa,Africa,Eastern Africa,Sub-Saharan Africa
209,209,South Africa,za,113.1360166855849,68.45482532157777,,,Admin-0 country,0.0,2,South Africa,ZAF,0.0,2,Sovereign country,1,South Africa,ZAF,0,South Africa,ZAF,0,South Africa,ZAF,0,South Africa,South Africa,ZAF,South Africa,58558270.0,16.0,2019.0,351431.0,2019,5. Emerging region: G20,3. Upper middle income,SF,Africa,Africa,Southern Africa,Sub-Saharan Africa
210,210,South Georgia and South Sandwich Islands,gs,0.515458041189019,7.337912122410502,,,,,,,,,,,,,,,,,,,,,,,,,,,,,,,,,,,,
211,211,South Korea,kr,9.766877130319331,28.33326770054019,,,Admin-0 country,0.0,2,South Korea,KOR,0.0,2,Sovereign country,1,South Korea,KOR,0,South Korea,KOR,0,South Korea,KOR,0,South Korea,Republic of Korea,KOR,Republic of Korea,51709098.0,16.0,2019.0,1646739.0,2019,4. Emerging region: MIKT,1. High income: OECD,KS,Asia,Asia,Eastern Asia,East Asia & Pacific
212,212,South Sudan,ss,51.87349922752397,41.896201715005475,,,Admin-0 country,0.0,3,South Sudan,SDS,0.0,2,Sovereign country,1,South Sudan,SDS,0,South Sudan,SDS,0,South Sudan,SDS,0,S. Sudan,South Sudan,SDS,S. Sudan,11062113.0,14.0,2019.0,11998.0,2015,7. Least developed region,5. Low income,-99,Africa,Africa,Eastern Africa,Sub-Saharan Africa
213,213,Spain,es,52.915448582397474,51.72495637260834,,,Admin-0 country,0.0,2,Spain,ESP,0.0,2,Sovereign country,1,Spain,ESP,0,Spain,ESP,0,Spain,ESP,0,Spain,Spain,ESP,Spain,47076781.0,15.0,2019.0,1393490.0,2019,2. Developed region: nonG7,1. High income: OECD,SP,Europe,Europe,Southern Europe,Europe & Central Asia
214,214,Sri Lanka,lk,5.412087870066774,13.99841987101686,,,Admin-0 country,0.0,3,Sri Lanka,LKA,0.0,2,Sovereign country,1,Sri Lanka,LKA,0,Sri Lanka,LKA,0,Sri Lanka,LKA,0,Sri Lanka,Sri Lanka,LKA,Sri Lanka,21803000.0,15.0,2019.0,84008.0,2019,6. Developing region,4. Lower middle income,CE,Asia,Asia,Southern Asia,South Asia
215,215,Sudan,sd,156.78177784697732,65.28249059399174,,,Admin-0 country,0.0,3,Sudan,SDN,0.0,2,Sovereign country,1,Sudan,SDN,0,Sudan,SDN,0,Sudan,SDN,0,Sudan,Sudan,SDN,Sudan,42813238.0,15.0,2019.0,30513.0,2019,6. Developing region,4. Lower middle income,SU,Africa,Africa,Northern Africa,Sub-Saharan Africa
216,216,Suriname,sr,11.810420806726954,17.12661286307514,,,Admin-0 country,0.0,4,Suriname,SUR,0.0,2,Sovereign country,1,Suriname,SUR,0,Suriname,SUR,0,Suriname,SUR,0,Suriname,Suriname,SUR,Suriname,581363.0,11.0,2019.0,3697.0,2019,6. Developing region,3. Upper middle income,NS,South America,Americas,South America,Latin America & Caribbean
217,217,Svalbard,sj,26.043805122253506,148.06545160517706,,,,,,,,,,,,,,,,,,,,,,,,,,,,,,,,,,,,
218,218,Sweden,se,78.56860400733039,92.18592833297075,,,Admin-0 country,0.0,3,Sweden,SWE,0.0,2,Sovereign country,1,Sweden,SWE,0,Sweden,SWE,0,Sweden,SWE,0,Sweden,Sweden,SWE,Sweden,10285453.0,14.0,2019.0,530883.0,2019,2. Developed region: nonG7,1. High income: OECD,SW,Europe,Europe,Northern Europe,Europe & Central Asia
219,219,Switzerland,ch,4.889276612243139,15.531522624794945,,,Admin-0 country,0.0,4,Switzerland,CHE,0.0,2,Sovereign country,1,Switzerland,CHE,0,Switzerland,CHE,0,Switzerland,CHE,0,Switzerland,Switzerland,CHE,Switzerland,8574832.0,13.0,2019.0,703082.0,2019,2. Developed region: nonG7,1. High income: OECD,SZ,Europe,Europe,Western Europe,Europe & Central Asia
220,220,Syria,sy,18.570605809111516,22.53553699349901,,,Admin-0 country,0.0,3,Syria,SYR,0.0,2,Sovereign country,1,Syria,SYR,0,Syria,SYR,0,Syria,SYR,0,Syria,Syria,SYR,Syria,17070135.0,14.0,2019.0,98830.0,2015,6. Developing region,4. Lower middle income,SY,Asia,Asia,Western Asia,Middle East & North Africa
221,221,Tajikistan,tj,14.715859362909857,33.87753191411004,,,Admin-0 country,0.0,4,Tajikistan,TJK,0.0,2,Sovereign country,1,Tajikistan,TJK,0,Tajikistan,TJK,0,Tajikistan,TJK,0,Tajikistan,Tajikistan,TJK,Tajikistan,9321018.0,13.0,2019.0,8116.0,2019,6. Developing region,5. Low income,TI,Asia,Asia,Central Asia,Europe & Central Asia
222,222,Tanzania,tz,77.00877820019144,45.40549607120794,,,Admin-0 country,0.0,3,United Republic of Tanzania,TZA,0.0,2,Sovereign country,1,United Republic of Tanzania,TZA,0,Tanzania,TZA,0,Tanzania,TZA,0,Tanzania,Tanzania,TZA,Tanzania,58005463.0,16.0,2019.0,63177.0,2019,7. Least developed region,5. Low income,TZ,Africa,Africa,Eastern Africa,Sub-Saharan Africa
223,223,Thailand,th,43.14322620658552,65.5202806525262,,,Admin-0 country,0.0,3,Thailand,THA,0.0,2,Sovereign country,1,Thailand,THA,0,Thailand,THA,0,Thailand,THA,0,Thailand,Thailand,THA,Thailand,69625582.0,16.0,2019.0,543548.0,2019,5. Emerging region: G20,3. Upper middle income,TH,Asia,Asia,South-Eastern Asia,East Asia & Pacific
224,224,Timor-Leste,tl,1.23630443801827,7.719550785913031,,,,,,,,,,,,,,,,,,,,,,,,,,,,,,,,,,,,
225,225,Togo,tg,4.692140065400004,14.02740732221107,,,Admin-0 country,0.0,6,Togo,TGO,0.0,2,Sovereign country,1,Togo,TGO,0,Togo,TGO,0,Togo,TGO,0,Togo,Togo,TGO,Togo,8082366.0,13.0,2019.0,5490.0,2019,7. Least developed region,5. Low income,TO,Africa,Africa,Western Africa,Sub-Saharan Africa
226,226,Tokelau,tk,0.000606214247967,0.108696103738711,,,,,,,,,,,,,,,,,,,,,,,,,,,,,,,,,,,,
227,227,Tonga,to,0.040018203653503,1.309123787883922,,,Admin-0 country,5.0,4,Tonga,TON,0.0,2,Sovereign country,1,Tonga,TON,0,Tonga,TON,0,Tonga,TON,0,Tonga,Tonga,TON,Tonga,104494.0,9.0,2019.0,512.0,2019,6. Developing region,4. Lower middle income,TN,Oceania,Oceania,Polynesia,East Asia & Pacific
228,228,Trinidad and Tobago,tt,0.413752703092474,4.384972373972369,,,Admin-0 country,3.0,5,Trinidad and Tobago,TTO,0.0,2,Sovereign country,1,Trinidad and Tobago,TTO,0,Trinidad and Tobago,TTO,0,Trinidad and Tobago,TTO,0,Trinidad and Tobago,Trinidad and Tobago,TTO,Trinidad and Tobago,1394973.0,12.0,2019.0,24269.0,2019,6. Developing region,2. High income: nonOECD,TD,North America,Americas,Caribbean,Latin America & Caribbean
229,229,Tunisia,tn,15.18893257160837,25.01430184457057,,,Admin-0 country,0.0,3,Tunisia,TUN,0.0,2,Sovereign country,1,Tunisia,TUN,0,Tunisia,TUN,0,Tunisia,TUN,0,Tunisia,Tunisia,TUN,Tunisia,11694719.0,14.0,2019.0,38796.0,2019,6. Developing region,3. Upper middle income,TS,Africa,Africa,Northern Africa,Middle East & North Africa
230,230,Turkiye,tr,81.19932452559415,76.99073102976337,,,,,,,,,,,,,,,,,,,,,,,,,,,,,,,,,,,,
231,231,Turkmenistan,tm,57.860559610826385,44.80114841478618,,,Admin-0 country,0.0,4,Turkmenistan,TKM,0.0,2,Sovereign country,1,Turkmenistan,TKM,0,Turkmenistan,TKM,0,Turkmenistan,TKM,0,Turkmenistan,Turkmenistan,TKM,Turkmenistan,5942089.0,13.0,2019.0,40761.0,2018,6. Developing region,3. Upper middle income,TX,Asia,Asia,Central Asia,Europe & Central Asia
232,232,Turks and Caicos Islands,tc,0.02610506885777,1.201973916896899,,,Admin-0 country,5.0,6,United Kingdom,GB1,1.0,2,Dependency,1,Turks and Caicos Islands,TCA,0,Turks and Caicos Islands,TCA,0,Turks and Caicos Islands,TCA,0,Turks and Caicos Is.,Turks and Caicos Islands,TCA,Turks and Caicos Is.,38191.0,7.0,2019.0,1197.0,2019,6. Developing region,2. High income: nonOECD,TK,North America,Americas,Caribbean,Latin America & Caribbean
233,233,Tuvalu,tv,0.002376651112451,0.402972817512915,,,Admin-0 country,5.0,6,Tuvalu,TUV,0.0,2,Sovereign country,1,Tuvalu,TUV,0,Tuvalu,TUV,0,Tuvalu,TUV,0,Tuvalu,Tuvalu,TUV,Tuvalu,11646.0,6.0,2019.0,47.0,2019,7. Least developed region,3. Upper middle income,TV,Oceania,Oceania,Polynesia,East Asia & Pacific
234,234,Uganda,ug,19.676807432808843,21.24822772015095,,,Admin-0 country,0.0,3,Uganda,UGA,0.0,2,Sovereign country,1,Uganda,UGA,0,Uganda,UGA,0,Uganda,UGA,0,Uganda,Uganda,UGA,Uganda,44269594.0,15.0,2019.0,35165.0,2019,7. Least developed region,5. Low income,UG,Africa,Africa,Eastern Africa,Sub-Saharan Africa
235,235,Ukraine,ua,73.48294801794574,79.54527030204055,,,Admin-0 country,0.0,3,Ukraine,UKR,0.0,2,Sovereign country,1,Ukraine,UKR,0,Ukraine,UKR,0,Ukraine,UKR,0,Ukraine,Ukraine,UKR,Ukraine,44385155.0,15.0,2019.0,153781.0,2019,6. Developing region,4. Lower middle income,UP,Europe,Europe,Eastern Europe,Europe & Central Asia
236,236,United Arab Emirates,ae,6.239850177454583,16.75967635690191,,,Admin-0 country,0.0,4,United Arab Emirates,ARE,0.0,2,Sovereign country,1,United Arab Emirates,ARE,0,United Arab Emirates,ARE,0,United Arab Emirates,ARE,0,United Arab Emirates,United Arab Emirates,ARE,United Arab Emirates,9770529.0,13.0,2019.0,421142.0,2019,6. Developing region,2. High income: nonOECD,AE,Asia,Asia,Western Asia,Middle East & North Africa
237,237,United Kingdom,gb,33.63045854371352,115.97423585183991,,,Admin-0 country,0.0,2,United Kingdom,GB1,1.0,2,Country,1,United Kingdom,GBR,0,United Kingdom,GBR,0,United Kingdom,GBR,0,United Kingdom,United Kingdom,GBR,United Kingdom,66834405.0,16.0,2019.0,2829108.0,2019,1. Developed region: G7,1. High income: OECD,UK,Europe,Europe,Northern Europe,Europe & Central Asia
238,238,United States,us,1116.670604078625,726.1060557084154,,,,,,,,,,,,,,,,,,,,,,,,,,,,,,,,,,,,
239,239,United States Minor Outlying Islands,um,0.003216016346711,0.480216329338853,,,Admin-0 country,5.0,5,United States of America,US1,1.0,2,Dependency,1,United States Minor Outlying Islands,UMI,0,United States Minor Outlying Islands,UMI,0,United States Minor Outlying Islands,UMI,0,U.S. Minor Outlying Is.,United States Minor Outlying Islands,UMI,U.S. Minor Outlying Is.,300.0,2.0,2017.0,0.0,2019,7. Least developed region,5. Low income,-99,North America,Oceania,Seven seas (open ocean),East Asia & Pacific
240,240,Uruguay,uy,17.126244682665007,18.486971079980766,,,Admin-0 country,0.0,4,Uruguay,URY,0.0,2,Sovereign country,1,Uruguay,URY,0,Uruguay,URY,0,Uruguay,URY,0,Uruguay,Uruguay,URY,Uruguay,3461734.0,12.0,2019.0,56045.0,2019,5. Emerging region: G20,3. Upper middle income,UY,South America,Americas,South America,Latin America & Caribbean
241,241,US Virgin Islands,vi,0.025685498687399,1.236627895172039,,,,,,,,,,,,,,,,,,,,,,,,,,,,,,,,,,,,
242,242,Uzbekistan,uz,48.36999932236906,60.322068506314736,,,Admin-0 country,0.0,3,Uzbekistan,UZB,0.0,2,Sovereign country,1,Uzbekistan,UZB,0,Uzbekistan,UZB,0,Uzbekistan,UZB,0,Uzbekistan,Uzbekistan,UZB,Uzbekistan,33580650.0,15.0,2019.0,57921.0,2019,6. Developing region,4. Lower middle income,UZ,Asia,Asia,Central Asia,Europe & Central Asia
243,243,Vanuatu,vu,1.037135149927925,16.41146848354458,,,Admin-0 country,1.0,4,Vanuatu,VUT,0.0,2,Sovereign country,1,Vanuatu,VUT,0,Vanuatu,VUT,0,Vanuatu,VUT,0,Vanuatu,Vanuatu,VUT,Vanuatu,299882.0,10.0,2019.0,934.0,2019,7. Least developed region,4. Lower middle income,NH,Oceania,Oceania,Melanesia,East Asia & Pacific
244,244,Vatican City,va,6.122164104e-05,0.032467742417025,,,Admin-0 country,0.0,6,Vatican,VAT,0.0,2,Sovereign country,1,Vatican,VAT,0,Vatican,VAT,0,Vatican,VAT,0,Vatican,Vatican,VAT,Vatican,825.0,2.0,2019.0,-99.0,2019,2. Developed region: nonG7,2. High income: nonOECD,VT,Europe,Europe,Southern Europe,Europe & Central Asia
245,245,Venezuela,ve,74.62837695842956,76.94744750130671,,,Admin-0 country,0.0,3,Venezuela,VEN,0.0,2,Sovereign country,1,Venezuela,VEN,0,Venezuela,VEN,0,Venezuela,VEN,0,Venezuela,Venezuela,VEN,Venezuela,28515829.0,15.0,2019.0,482359.0,2014,5. Emerging region: G20,3. Upper middle income,VE,South America,Americas,South America,Latin America & Caribbean
246,246,Vietnam,vn,27.556081943886156,66.86680246299511,,,Admin-0 country,0.0,2,Vietnam,VNM,0.0,2,Sovereign country,1,Vietnam,VNM,0,Vietnam,VNM,0,Vietnam,VNM,0,Vietnam,Vietnam,VNM,Vietnam,96462106.0,16.0,2019.0,261921.0,2019,5. Emerging region: G20,4. Lower middle income,VM,Asia,Asia,South-Eastern Asia,East Asia & Pacific
247,247,Wallis and Futuna,wf,0.01341437160995,0.700607552306367,,,Admin-0 country,5.0,4,France,FR1,1.0,2,Dependency,1,Wallis and Futuna,WLF,0,Wallis and Futuna,WLF,0,Wallis and Futuna,WLF,0,Wallis and Futuna Is.,Wallis and Futuna Islands,WLF,Wallis and Futuna Islands,11558.0,6.0,2018.0,60.0,2016,6. Developing region,4. Lower middle income,WF,Oceania,Oceania,Polynesia,East Asia & Pacific
248,248,Yemen,ye,38.289870716675736,34.01132684684684,,,Admin-0 country,0.0,3,Yemen,YEM,0.0,2,Sovereign country,1,Yemen,YEM,0,Yemen,YEM,0,Yemen,YEM,0,Yemen,Yemen,YEM,Yemen,29161922.0,15.0,2019.0,22581.0,2019,7. Least developed region,4. Lower middle income,YM,Asia,Asia,Western Asia,Middle East & North Africa
249,249,Zambia,zm,62.81402195861372,49.14143908305838,,,Admin-0 country,0.0,3,Zambia,ZMB,0.0,2,Sovereign country,1,Zambia,ZMB,0,Zambia,ZMB,0,Zambia,ZMB,0,Zambia,Zambia,ZMB,Zambia,17861030.0,14.0,2019.0,23309.0,2019,7. Least developed region,4. Lower middle income,ZA,Africa,Africa,Eastern Africa,Sub-Saharan Africa
